f1,f2,profit,date
0.9893973085385215,0.020139076798988947,0.020139076798988947,2015-01-05
0.7391894469823247,0.022987576550400086,-0.022987576550400086,2015-01-06
0.3113566941620537,0.011692332669018412,-0.011692332669018412,2015-01-07
0.4282409600268622,0.016490841192957958,0.0,2015-01-08
0.7510898056395388,0.017690972884871294,0.017690972884871294,2015-01-09
0.6756341352497517,0.007521095258140609,0.007521095258140609,2015-01-13
0.01896054309463524,0.04035218669005308,-0.04035218669005308,2015-01-14
0.6016901253808123,0.044088190580451936,0.044088190580451936,2015-01-15
0.9865736740077174,0.00832796931385987,0.00832796931385987,2015-01-16
0.6812458649090642,0.017202123555736935,-0.017202123555736935,2015-01-19
0.40033669689153073,0.0077851461988547605,0.0,2015-01-20
0.03894033052399948,0.0009324828553654845,-0.0009324828553654845,2015-01-21
0.6339305879227167,0.017694341892254203,0.017694341892254203,2015-01-22
0.16324515498724856,0.028777193284197262,-0.028777193284197262,2015-01-23
0.02414771158412088,0.005103884725423203,-0.005103884725423203,2015-01-26
0.544401307796359,0.015464869980532762,0.0,2015-01-27
0.8857008362809347,0.008201182515335683,0.008201182515335683,2015-01-28
0.6114339757204679,0.006848010992723738,0.006848010992723738,2015-01-29
0.10597769633324894,0.03271837930440912,-0.03271837930440912,2015-01-30
0.4885363317368542,0.017839740174893905,0.0,2015-02-02
0.20848407622228993,0.007290168339039589,0.007290168339039589,2015-02-03
0.44484589461141344,0.018283081759472217,0.0,2015-02-04
0.5683553486319082,0.01767324403588509,0.0,2015-02-05
0.5066762250392569,0.009453463611817458,0.0,2015-02-06
0.6288474642030246,0.0053130714887650145,0.0053130714887650145,2015-02-09
0.6401604320014648,0.00445297845454649,0.00445297845454649,2015-02-10
0.27543095394200245,0.0027969735061124648,-0.0027969735061124648,2015-02-12
0.7786703733648852,0.015055453387985702,0.015055453387985702,2015-02-13
0.7726379076985929,0.021688869943589505,-0.021688869943589505,2015-02-16
0.6771982677430848,0.014140211947731197,0.014140211947731197,2015-02-17
0.31480086047528033,0.022900941444010215,0.022900941444010215,2015-02-18
0.561778857405506,0.001742677241092357,0.0,2015-02-19
0.08154334634457128,0.006264973670692168,-0.006264973670692168,2015-02-20
0.12623875383207428,0.018195975939807447,-0.018195975939807447,2015-02-23
0.24988774201880837,0.008736299337790559,-0.008736299337790559,2015-02-24
0.18890337950534808,0.04456898812388561,-0.04456898812388561,2015-02-25
0.8438412192290597,0.003975538626673704,0.003975538626673704,2015-02-26
0.46880026692205334,0.0036618949612835703,0.0,2015-02-27
0.2179556892824892,0.04779715006291766,-0.04779715006291766,2015-03-02
0.01111421445735672,0.023513294977002618,-0.023513294977002618,2015-03-03
0.27762155480236483,0.010411080673605917,-0.010411080673605917,2015-03-04
0.898247727657662,0.00130452463924027,0.00130452463924027,2015-03-05
0.2659638371126424,0.023188014897593257,0.023188014897593257,2015-03-06
0.40052280751580804,0.008360013264027789,0.0,2015-03-09
0.3364661583307008,0.00951570523628112,0.00951570523628112,2015-03-10
0.15381531632741452,0.020117915806686183,-0.020117915806686183,2015-03-11
0.2792432394119476,0.003146775896908553,-0.003146775896908553,2015-03-12
0.6915981429216146,0.004193005465586478,0.004193005465586478,2015-03-13
0.4959790816374764,0.0036020176089478872,0.0,2015-03-16
0.41258430607121377,0.002404053254393355,0.0,2015-03-17
0.3539408973705054,0.008551234108319268,-0.008551234108319268,2015-03-18
0.09608306673967892,0.007387818598228024,-0.007387818598228024,2015-03-19
0.17945326168932174,0.01361251405255899,-0.01361251405255899,2015-03-20
0.33141444043639123,0.004290484621225304,-0.004290484621225304,2015-03-23
0.6145826953626224,0.012355735125753818,0.012355735125753818,2015-03-24
0.933256415540389,0.008194568385683715,0.008194568385683715,2015-03-25
0.11316844949840177,0.0019471820517396802,-0.0019471820517396802,2015-03-26
0.31580596595335175,0.008795419408410702,-0.008795419408410702,2015-03-27
0.9420461937412492,0.03896389848109835,0.03896389848109835,2015-03-30
0.45482537710102333,0.0038059027799412642,0.0,2015-03-31
0.3468336139450674,0.000186599458022169,-0.000186599458022169,2015-04-01
0.5651694907456802,0.009961114049803986,0.0,2015-04-02
0.31044773968231565,0.038644347880756935,-0.038644347880756935,2015-04-03
0.11058610860234386,0.012420008927367485,-0.012420008927367485,2015-04-06
0.28786154627931326,0.022432606282939214,0.022432606282939214,2015-04-07
0.6251657287459849,0.01560895164975713,0.01560895164975713,2015-04-08
0.5267714163826673,0.02436933288013692,0.0,2015-04-09
0.39901216537130424,0.011542163389047639,0.011542163389047639,2015-04-10
0.3329118448025723,0.0016148971470228521,0.0016148971470228521,2015-04-13
0.03427851692909034,0.010229466114458508,-0.010229466114458508,2015-04-14
0.39343362426377126,0.007648985369727715,-0.007648985369727715,2015-04-15
0.9282817830288692,0.0029288287504097748,0.0029288287504097748,2015-04-16
0.34194114248433427,0.022798249490282876,0.022798249490282876,2015-04-17
0.9124967259213219,0.017454096475768226,0.017454096475768226,2015-04-20
0.8755561774027742,0.016616286678797467,0.016616286678797467,2015-04-21
0.23373967928452355,0.014639471621917505,-0.014639471621917505,2015-04-22
0.15508449496902588,0.022442124065502545,-0.022442124065502545,2015-04-23
0.8508424456307752,0.01732195533607064,0.01732195533607064,2015-04-24
0.5816701395727369,0.003487911849336353,0.0,2015-04-27
0.570272581696588,0.005627257349259215,0.0,2015-04-28
0.9748625805020443,0.019041483897600478,0.019041483897600478,2015-04-30
0.07340400525139179,0.02896828926956528,-0.02896828926956528,2015-05-01
0.08972579160893535,0.011603600827934437,-0.011603600827934437,2015-05-07
0.29329057095958555,0.01017357276699403,-0.01017357276699403,2015-05-08
0.13789262356873333,0.01268579411618362,-0.01268579411618362,2015-05-11
0.17986505789936713,0.027147140506478037,-0.027147140506478037,2015-05-12
0.8500867450198039,0.03173765321027057,0.03173765321027057,2015-05-13
0.03246697510027152,0.010530424514146734,-0.010530424514146734,2015-05-14
0.05313779764237858,0.01601440763517797,-0.01601440763517797,2015-05-15
0.548771445873719,0.007656507865184974,0.0,2015-05-18
0.012232994940598374,0.01288333699330193,-0.01288333699330193,2015-05-19
0.3677434197173317,0.005459899027330195,-0.005459899027330195,2015-05-20
0.24930244322212147,0.012841826928187446,-0.012841826928187446,2015-05-21
0.46327366733942543,0.03076746543785368,0.0,2015-05-22
0.011814887349556602,0.014028270877922444,-0.014028270877922444,2015-05-25
0.2959618508816174,0.010068701672914923,-0.010068701672914923,2015-05-26
0.8631742281315543,0.018826437884234767,0.018826437884234767,2015-05-27
0.18779447485279854,0.0011347135589378568,-0.0011347135589378568,2015-05-28
0.6209017339560068,0.0069354291098090845,0.0069354291098090845,2015-05-29
0.7907693942644692,0.005712937388954987,0.005712937388954987,2015-06-01
0.9112306744226171,0.0033693468688886234,0.0033693468688886234,2015-06-02
0.7153431647296702,0.011287239887800771,0.011287239887800771,2015-06-03
0.36958436784156157,0.009865317614873336,-0.009865317614873336,2015-06-04
0.8916285360234842,0.0070350330245102,0.0070350330245102,2015-06-05
0.08796450213085205,0.02658576814722,-0.02658576814722,2015-06-08
0.5393860263215166,0.0055764353947774115,0.0,2015-06-09
0.2784031134693694,0.01366345843078591,-0.01366345843078591,2015-06-10
0.5951008210064016,0.030185211367520167,0.0,2015-06-11
0.24381736438396062,0.007032886424211714,-0.007032886424211714,2015-06-12
0.35420606352649964,0.0035423950954209834,-0.0035423950954209834,2015-06-15
0.8756508560230732,0.00137091921717844,0.00137091921717844,2015-06-16
0.2682162401310725,0.022930179748067523,-0.022930179748067523,2015-06-17
0.26943674831980136,0.05113361387148004,0.05113361387148004,2015-06-18
0.91019867185588,0.01430442254223308,0.01430442254223308,2015-06-19
0.20345401598604862,0.009559776128405584,0.009559776128405584,2015-06-22
0.634050901210358,0.005800464706017853,0.005800464706017853,2015-06-23
0.1292426078810861,0.006957019309059352,-0.006957019309059352,2015-06-24
0.915678362023283,0.000675447373397897,0.000675447373397897,2015-06-25
0.8731137072277807,0.01789804159712915,0.01789804159712915,2015-06-26
0.9948115350012017,0.0035915655639617307,0.0035915655639617307,2015-06-29
0.3040291277149314,0.009869164823742577,-0.009869164823742577,2015-06-30
0.864928153693946,0.008671550965067155,0.008671550965067155,2015-07-01
0.3109036409150896,0.0011921520924815646,-0.0011921520924815646,2015-07-02
0.4902977183300755,0.029033261166771223,0.0,2015-07-03
0.40933767440843494,0.025990518048399386,0.0,2015-07-06
0.5354856711101839,0.0038799292553487745,0.0,2015-07-07
0.2360124074910187,0.030954840229233064,-0.030954840229233064,2015-07-08
0.4716515843550625,0.021639003774661773,0.0,2015-07-09
0.3914358936182728,0.019944255309126597,-0.019944255309126597,2015-07-10
0.1138733082882386,0.0020323944177515355,-0.0020323944177515355,2015-07-13
0.6250979138093866,0.0038974584758240563,0.0038974584758240563,2015-07-14
0.8306128163261037,0.0072626825332776515,0.0072626825332776515,2015-07-15
0.5299567287474207,0.0006051398882847451,0.0,2015-07-16
0.75479040005113,0.0248512328153825,0.0248512328153825,2015-07-17
0.8620731301997125,0.027854007106185772,0.027854007106185772,2015-07-21
0.20550835126457,0.018787189363088434,-0.018787189363088434,2015-07-22
0.9159513986945221,0.030373866355819852,0.030373866355819852,2015-07-23
0.7371454297760678,0.00779692231808088,0.00779692231808088,2015-07-24
0.6275420344309495,0.012867676948491998,-0.012867676948491998,2015-07-27
0.8060511699092736,0.0234990695639396,0.0234990695639396,2015-07-28
0.9780821501983683,0.02631331680123242,0.02631331680123242,2015-07-29
0.44198997152267816,0.006976954608278388,0.0,2015-07-30
0.23072505090999718,0.011467939782694194,-0.011467939782694194,2015-07-31
0.7188773551882286,0.0055130906165339055,0.0055130906165339055,2015-08-03
0.0719075664997939,0.007775039199818474,-0.007775039199818474,2015-08-04
0.037556085782857074,0.0047308135860790355,-0.0047308135860790355,2015-08-05
0.09014519000201537,0.001108200876554304,-0.001108200876554304,2015-08-06
0.40742874421944386,0.014653305744631456,0.0,2015-08-07
0.681557039892304,0.03225854599767871,0.03225854599767871,2015-08-10
0.6538341650005436,0.024960177654149134,-0.024960177654149134,2015-08-11
0.1844678149956488,0.020744953991722784,-0.020744953991722784,2015-08-12
0.6069384256306358,0.007598768881144467,0.007598768881144467,2015-08-13
0.795069986989233,0.0069231553956285745,0.0069231553956285745,2015-08-14
0.24721015637684407,0.00728472328067822,-0.00728472328067822,2015-08-17
0.41271953140614714,0.027030168376254566,0.0,2015-08-18
0.38645277373724063,0.01689227892089887,-0.01689227892089887,2015-08-19
0.29144666629417026,0.010347874987554725,-0.010347874987554725,2015-08-20
0.04074308443331742,0.00960211182516885,-0.00960211182516885,2015-08-21
0.5737722611146929,0.004577712921813031,0.0,2015-08-24
0.041424701453079305,0.0022248381817079805,-0.0022248381817079805,2015-08-25
0.5123575726505106,0.012141517304966218,0.0,2015-08-26
0.4249465445274634,0.0115938099126659,0.0,2015-08-27
0.7049182077657252,0.014326521981735474,0.014326521981735474,2015-08-28
0.7404334525407112,0.04439791514992436,0.04439791514992436,2015-08-31
0.13849495700462577,0.034711980058520206,-0.034711980058520206,2015-09-01
0.09079235464986846,0.0006785085907746005,-0.0006785085907746005,2015-09-02
0.5861638332016972,0.0053859968721928775,0.0,2015-09-03
0.6102532631466421,0.0003284139373188901,0.0003284139373188901,2015-09-04
0.3236075114658007,0.025030101227587434,-0.025030101227587434,2015-09-07
0.2542660170837241,0.006454946507576654,0.006454946507576654,2015-09-08
0.3280391680886934,0.0014566100796794318,-0.0014566100796794318,2015-09-09
0.671880668148415,0.002918106905658139,0.002918106905658139,2015-09-10
0.9082431811858986,0.01609038363530339,0.01609038363530339,2015-09-11
0.6832252686166425,0.013202405298864482,-0.013202405298864482,2015-09-14
0.62851884936564,0.02199418611510926,0.02199418611510926,2015-09-15
0.2762189356291158,0.0006432562377000188,0.0006432562377000188,2015-09-16
0.6724715049724177,0.02263257710930633,0.02263257710930633,2015-09-17
0.27197093120707694,0.02636657221021642,-0.02636657221021642,2015-09-18
0.34908732273561227,0.006152781898625681,-0.006152781898625681,2015-09-24
0.3730400811376492,0.000406015498625512,-0.000406015498625512,2015-09-25
0.6297644787179648,0.011045801843786318,0.011045801843786318,2015-09-28
0.3647523127071113,0.005913834205365653,-0.005913834205365653,2015-09-29
0.884499969475659,0.013884250017999242,0.013884250017999242,2015-09-30
0.6697518374147505,0.014063922234427845,0.014063922234427845,2015-10-01
0.33293601061388367,0.010738768593086282,0.010738768593086282,2015-10-02
0.15781529890773383,0.019392545938782636,-0.019392545938782636,2015-10-05
0.5562696033866154,0.01729851543010338,0.0,2015-10-06
0.33844890559460006,0.0013504362015136933,0.0013504362015136933,2015-10-07
0.8730429894266064,0.04213708103453976,0.04213708103453976,2015-10-08
0.8965303812958024,0.04543765019546831,0.04543765019546831,2015-10-09
0.6083293153274443,0.007073029338052481,0.007073029338052481,2015-10-13
0.705407778637664,0.005465425105720618,0.005465425105720618,2015-10-14
0.024183146055983262,0.004846682300627149,-0.004846682300627149,2015-10-15
0.09519390689462148,0.0007264550454496962,-0.0007264550454496962,2015-10-16
0.263624372128479,0.02824956208305311,0.02824956208305311,2015-10-19
0.772116661931043,0.013854968075268339,0.013854968075268339,2015-10-20
0.26880065002755804,0.02444867714158049,-0.02444867714158049,2015-10-21
0.23234672766271025,0.0005743655637344766,0.0005743655637344766,2015-10-22
0.8217881444861412,0.015933283645471752,0.015933283645471752,2015-10-23
0.339791338921152,0.006247523099430016,-0.006247523099430016,2015-10-26
0.5386813122702389,0.0024111832981510415,0.0,2015-10-27
0.5732065434094987,0.0012987552290672638,0.0,2015-10-28
0.6410688992249949,0.009697724034228358,0.009697724034228358,2015-10-29
0.1019442636977077,0.008050159303776791,-0.008050159303776791,2015-10-30
0.2209249149274305,0.0023928075912803696,-0.0023928075912803696,2015-11-02
0.8436621867328493,0.01964655598675816,0.01964655598675816,2015-11-04
0.38030983149781483,0.006404634729617661,-0.006404634729617661,2015-11-05
0.7783624789623331,0.010514037944339442,0.010514037944339442,2015-11-06
0.5926594556040856,0.01804622317572292,0.0,2015-11-09
0.9317983239787359,0.02275444529124722,0.02275444529124722,2015-11-10
0.2557951160522113,0.003916746677534879,-0.003916746677534879,2015-11-11
0.6514853751026298,0.006744622494138027,-0.006744622494138027,2015-11-12
0.9299749902482211,0.0006472635641432633,0.0006472635641432633,2015-11-13
0.9209884786639105,0.005552762903208451,0.005552762903208451,2015-11-16
0.29587084048841306,0.002810368479655257,0.002810368479655257,2015-11-17
0.009195585347268276,0.026750329232787622,-0.026750329232787622,2015-11-18
0.7660899201052763,0.014937272947181147,-0.014937272947181147,2015-11-19
0.4140713757797416,0.045346668763935644,0.0,2015-11-20
0.3554400507332779,0.021031524439583834,-0.021031524439583834,2015-11-24
0.9992749958333177,0.002503920665222114,0.002503920665222114,2015-11-25
0.12125078808044376,0.018859147405256415,-0.018859147405256415,2015-11-26
0.5440835637554474,0.006755029512185512,0.0,2015-11-27
0.27862375742220713,0.010931217051720865,-0.010931217051720865,2015-11-30
0.7918917232067714,0.005405500908958555,0.005405500908958555,2015-12-01
0.9253082511133235,0.008552034603141273,0.008552034603141273,2015-12-02
0.41464064413793433,0.037761160763124114,0.0,2015-12-03
0.9492802154190412,0.020544724071078584,0.020544724071078584,2015-12-04
0.6297748410380302,0.008468437323143578,-0.008468437323143578,2015-12-07
0.4897287037777296,0.03920863266213312,0.0,2015-12-08
0.8164484387816665,0.009319997670666534,0.009319997670666534,2015-12-09
0.1047300551484287,0.002056536790407616,-0.002056536790407616,2015-12-10
0.670463885720162,0.02571925929728532,0.02571925929728532,2015-12-11
0.33877924574538754,0.035898435563913186,-0.035898435563913186,2015-12-14
0.4031937371425981,0.0017539908832769078,0.0,2015-12-15
0.9692680971277331,0.005978377653239929,0.005978377653239929,2015-12-16
0.12612774013766137,0.02302863591779297,-0.02302863591779297,2015-12-17
0.32682656902780616,0.004409624645617922,-0.004409624645617922,2015-12-18
0.9630656605018927,0.012622013996581773,0.012622013996581773,2015-12-21
0.12590993713596554,0.0019379354962284743,-0.0019379354962284743,2015-12-22
0.07288875479327228,0.023650880898936955,-0.023650880898936955,2015-12-24
0.7258392500669623,0.035982373487673386,0.035982373487673386,2015-12-25
0.4344694375269542,0.003999141220841203,0.0,2015-12-28
0.059322842627909655,0.008899304851868848,-0.008899304851868848,2015-12-29
0.14028825207306106,0.02930313565626989,-0.02930313565626989,2015-12-30
0.42135207512984696,0.008824373676850598,0.0,2016-01-05
0.10322507301062211,0.001549087571732663,-0.001549087571732663,2016-01-06
0.08540267827955417,0.024018178780650767,-0.024018178780650767,2016-01-07
0.5368701756800416,0.0039865277227877395,0.0,2016-01-08
0.09179590537231552,0.0038734021776534247,-0.0038734021776534247,2016-01-12
0.5491827977115574,0.005693473886187705,0.0,2016-01-13
0.2377834055707443,0.0071683792668254835,-0.0071683792668254835,2016-01-14
0.6110003467791334,0.031870156362168896,0.031870156362168896,2016-01-15
0.6848806802179292,0.023392063535902466,0.023392063535902466,2016-01-18
0.8612196309018917,0.007622858211381954,0.007622858211381954,2016-01-19
0.3730471346134502,0.00032158342407361765,-0.00032158342407361765,2016-01-20
0.6014795534932482,0.007610981846175085,0.007610981846175085,2016-01-21
0.11882710832843779,0.001736600059370653,-0.001736600059370653,2016-01-22
0.4143226467889801,0.004435284931134772,0.0,2016-01-25
0.9153813179652274,0.008856248401107585,0.008856248401107585,2016-01-26
0.2759387512434056,0.004967221091364204,-0.004967221091364204,2016-01-27
0.7941702735774151,0.010550542797183253,0.010550542797183253,2016-01-28
0.8129363819460748,0.004425713579623946,0.004425713579623946,2016-01-29
0.6832460935259238,0.021590661988173283,0.021590661988173283,2016-02-01
0.9684384150039783,0.0359042431200828,0.0359042431200828,2016-02-02
0.9247866990259392,0.005524976574701712,0.005524976574701712,2016-02-03
0.723697240075732,0.026887057298368832,-0.026887057298368832,2016-02-04
0.5680441128307632,0.005658779291047187,0.0,2016-02-05
0.3351716357152452,0.013108557464764829,-0.013108557464764829,2016-02-08
0.7291511215425656,0.0056769539898924295,0.0056769539898924295,2016-02-09
0.9297447430366157,0.0026675067930364664,0.0026675067930364664,2016-02-10
0.6536203333192382,0.024057901950148248,0.024057901950148248,2016-02-12
0.7262004720681211,0.0010086640761841786,-0.0010086640761841786,2016-02-15
0.7583036159510638,0.001413892240655613,-0.001413892240655613,2016-02-16
0.45321504901371956,0.006919449605743544,0.0,2016-02-17
0.3345713151745582,0.008824709101490287,-0.008824709101490287,2016-02-18
0.9585299102830345,0.008978685316663019,0.008978685316663019,2016-02-19
0.1315774379744531,0.0203694537002343,-0.0203694537002343,2016-02-22
0.9906347996619931,0.0007530988385226964,0.0007530988385226964,2016-02-23
0.9953740701514672,0.016546797890715153,0.016546797890715153,2016-02-24
0.8675274769200867,0.0017594260697669148,0.0017594260697669148,2016-02-25
0.9939121985395846,0.0011382040396809285,0.0011382040396809285,2016-02-26
0.9164748448920423,0.006328286912402769,0.006328286912402769,2016-02-29
0.8322576404036952,0.021382161237863854,0.021382161237863854,2016-03-01
0.43264410501727657,0.0034051712949805853,0.0,2016-03-02
0.9312833225014656,0.003297241005772374,0.003297241005772374,2016-03-03
0.9032985498797076,0.004812675870373068,0.004812675870373068,2016-03-04
0.11269795994977594,0.0008073771245646161,-0.0008073771245646161,2016-03-07
0.09331955339226683,0.010233199460039182,-0.010233199460039182,2016-03-08
0.017231645563742237,0.01807694567430565,-0.01807694567430565,2016-03-09
0.814240802642068,0.04481845366260027,0.04481845366260027,2016-03-10
0.9468221264734501,0.0005652928781525407,0.0005652928781525407,2016-03-11
0.3576458703596169,0.0205262132556635,-0.0205262132556635,2016-03-14
0.8487950055670708,0.01334326747712225,0.01334326747712225,2016-03-15
0.43309885231259837,0.010360201042337888,0.0,2016-03-16
0.887641922461865,0.005573447593085196,0.005573447593085196,2016-03-17
0.867949648352057,0.0031363769848108732,0.0031363769848108732,2016-03-18
0.3330572948244207,0.009927004641853325,-0.009927004641853325,2016-03-22
0.8522181573260752,0.02329437243659676,0.02329437243659676,2016-03-23
0.5288014278306747,0.00304159541113295,0.0,2016-03-24
0.09087567152733611,0.017747929145280658,-0.017747929145280658,2016-03-25
0.18438015396935303,0.028193719010092943,-0.028193719010092943,2016-03-28
0.4523196386949745,0.030952080436804325,0.0,2016-03-29
0.885036307350741,0.0022319823972400846,0.0022319823972400846,2016-03-30
0.5086378810649674,0.004000839758952969,0.0,2016-03-31
0.328555161279808,0.005598453294828932,-0.005598453294828932,2016-04-01
0.6931302905985369,0.005873882549932654,0.005873882549932654,2016-04-04
0.6481251380008153,0.0009668213146927713,0.0009668213146927713,2016-04-05
0.9619474519268004,0.0019475672983923127,0.0019475672983923127,2016-04-06
0.6567198841458013,0.004576050936413458,0.004576050936413458,2016-04-07
0.2749284779692327,0.006467054477979892,-0.006467054477979892,2016-04-08
0.4635426845642261,0.021395851462802453,0.0,2016-04-11
0.4094463242515357,0.0017007340055293643,0.0,2016-04-12
0.9895510508467097,0.010988176311553965,0.010988176311553965,2016-04-13
0.4507216067711395,0.0012096111219253175,0.0,2016-04-14
0.7133430939789803,0.02476960457311212,0.02476960457311212,2016-04-15
0.1901637837948157,0.018539747755904133,-0.018539747755904133,2016-04-18
0.9451587954107481,0.03256567675722529,0.03256567675722529,2016-04-19
0.27296765472520057,0.0035336504414634783,-0.0035336504414634783,2016-04-20
0.774165053156088,0.012355084636379075,0.012355084636379075,2016-04-21
0.4452201892383698,0.02585995669216326,0.0,2016-04-22
0.26971749459595473,0.005595365962408965,-0.005595365962408965,2016-04-25
0.0847270171494412,0.026437789141849577,-0.026437789141849577,2016-04-26
0.6120807202243338,0.02771464451600729,0.02771464451600729,2016-04-27
0.051345225303931596,0.010595422695332701,-0.010595422695332701,2016-04-28
0.14731265367072877,0.009026817442610816,-0.009026817442610816,2016-05-02
0.19425220557192135,0.009429686943309704,-0.009429686943309704,2016-05-06
0.9210246969571455,0.016917874042640703,0.016917874042640703,2016-05-09
0.6995990783646385,0.00564669625252143,0.00564669625252143,2016-05-10
0.26598400053081317,0.0008106988781561165,-0.0008106988781561165,2016-05-11
0.2759365806130153,0.0015990879920739353,-0.0015990879920739353,2016-05-12
0.13748679891703752,0.011430381152715259,-0.011430381152715259,2016-05-13
0.9499843569160661,0.013104767179993655,0.013104767179993655,2016-05-16
0.7460401882279368,0.019627694442087524,0.019627694442087524,2016-05-17
0.5134459083813699,0.02216464257668103,0.0,2016-05-18
0.3595186920325507,0.006582683316078923,-0.006582683316078923,2016-05-19
0.20708923826944992,0.006643609672280795,-0.006643609672280795,2016-05-20
0.5617870585700977,0.002076843379962552,0.0,2016-05-23
0.5724763637276662,0.02519839410032663,0.0,2016-05-24
0.7659527932343562,0.006761834625708798,-0.006761834625708798,2016-05-25
0.13601801733647134,0.016377982854050243,-0.016377982854050243,2016-05-26
0.43961046373029145,0.009095915928568492,0.0,2016-05-27
0.017749624195118163,0.014343196031357922,-0.014343196031357922,2016-05-30
0.8173773484209671,0.009907980298747853,0.009907980298747853,2016-05-31
0.9636626342377274,0.004750164776045061,0.004750164776045061,2016-06-01
0.5750861128534653,0.009871915197393232,0.0,2016-06-02
0.9669479505296089,0.0012440352160975117,0.0012440352160975117,2016-06-03
0.31604333652986927,0.004226061463975927,0.004226061463975927,2016-06-06
0.4506771914182992,0.02535127829405844,0.0,2016-06-07
0.8465454756692484,0.005525366660305899,0.005525366660305899,2016-06-08
0.06843486950626498,0.01017583932709049,-0.01017583932709049,2016-06-09
0.5366498167393156,0.020594385854398045,0.0,2016-06-10
0.13766102180627082,0.0012007434886555984,-0.0012007434886555984,2016-06-13
0.16857832718896215,0.0024460683550930895,-0.0024460683550930895,2016-06-14
0.3598903686717254,0.0007842430140175532,-0.0007842430140175532,2016-06-15
0.40541141539371683,0.0033771182702345567,0.0,2016-06-16
0.060152029231589244,0.02421891234235688,-0.02421891234235688,2016-06-17
0.08189008461370295,0.011694357231944834,-0.011694357231944834,2016-06-20
0.6115893757111996,0.02834279817462418,0.02834279817462418,2016-06-21
0.286283562581403,0.015385573367167343,-0.015385573367167343,2016-06-22
0.7546085113802318,0.01067205039757565,0.01067205039757565,2016-06-23
0.4935558269322631,0.014837442778480363,0.0,2016-06-24
0.7360548404493401,0.020638401831986286,0.020638401831986286,2016-06-27
0.9844513933319828,0.01818789408578071,0.01818789408578071,2016-06-28
0.8936891772190875,0.004378618288110169,0.004378618288110169,2016-06-29
0.17480952992962906,0.004312765757371083,-0.004312765757371083,2016-06-30
0.2636620947387779,0.01667917019616532,-0.01667917019616532,2016-07-01
0.5496904428391072,0.001760159930273338,0.0,2016-07-04
0.139950564829448,0.016178553202751883,-0.016178553202751883,2016-07-05
0.6684828956373275,0.012956265974554092,0.012956265974554092,2016-07-06
0.6508117285301787,0.0122373101290447,0.0122373101290447,2016-07-07
0.06000868950016813,0.007554669544360174,-0.007554669544360174,2016-07-08
0.45084127330227985,0.022734017852308434,0.0,2016-07-11
0.4242105350897878,0.04032711845936767,0.0,2016-07-12
0.34689034593726964,0.006913970733309962,-0.006913970733309962,2016-07-13
0.48207938582149823,0.008517652334734673,0.0,2016-07-14
0.9968314600392995,0.001503949851081602,0.001503949851081602,2016-07-15
0.08367051717083152,0.005959558158644447,-0.005959558158644447,2016-07-19
0.8071541629993692,0.012398037853344035,0.012398037853344035,2016-07-20
0.17955643790948606,0.009681249702236862,-0.009681249702236862,2016-07-21
0.3586791781549775,0.012457701553710645,-0.012457701553710645,2016-07-22
0.2920775421146029,0.00513448206562057,-0.00513448206562057,2016-07-25
0.6439235939552902,0.000738574098552863,-0.000738574098552863,2016-07-26
0.6945938872684002,0.017948038266488817,0.017948038266488817,2016-07-27
0.5504852562711934,0.0069755375708187,0.0,2016-07-28
0.2763133177795887,0.0008017348787061844,-0.0008017348787061844,2016-07-29
0.8035544902071006,0.031266911890289774,0.031266911890289774,2016-08-01
0.29431133775673124,0.017088856555306987,-0.017088856555306987,2016-08-02
0.9678999146193422,0.008562709359320317,0.008562709359320317,2016-08-03
0.6230253219456734,0.03005284685955534,0.03005284685955534,2016-08-04
0.9795214752951056,0.009537266638011563,0.009537266638011563,2016-08-05
0.2133417225466484,0.028214573446844655,-0.028214573446844655,2016-08-08
0.6841365582948004,0.013792266324491117,0.013792266324491117,2016-08-09
0.6570022574325333,0.022580873435647547,0.022580873435647547,2016-08-10
0.010051195489303,0.0008864518930774166,-0.0008864518930774166,2016-08-12
0.6225372718538345,0.014089637420454671,0.014089637420454671,2016-08-15
0.9139636632728131,0.0005868734115262081,0.0005868734115262081,2016-08-16
0.26888010004001295,0.02049237090102561,-0.02049237090102561,2016-08-17
0.869052959221327,0.025349248817030715,0.025349248817030715,2016-08-18
0.19439338370979697,0.022576745560203587,-0.022576745560203587,2016-08-19
0.7103432334998332,0.036363236685811345,0.036363236685811345,2016-08-22
0.5830948232043155,0.01432292119494109,0.0,2016-08-23
0.6919578861873269,0.026934741998133914,-0.026934741998133914,2016-08-24
0.47881612148576447,0.017461643550344835,0.0,2016-08-25
0.48581193786989185,0.020424536169699265,0.0,2016-08-26
0.970253695746318,0.02292637339728705,0.02292637339728705,2016-08-29
0.7578029574289523,0.020176992566417362,0.020176992566417362,2016-08-30
0.948039926985872,0.011838559731399816,0.011838559731399816,2016-08-31
0.392326080085863,0.010717802635876737,-0.010717802635876737,2016-09-01
0.9036993487505431,0.019994142199621964,0.019994142199621964,2016-09-02
0.8814687972520854,0.018670140582532833,0.018670140582532833,2016-09-05
0.2500954829064589,0.006124628168347636,-0.006124628168347636,2016-09-06
0.35761437005863606,0.0011235721739860476,-0.0011235721739860476,2016-09-07
0.10818285814362893,0.011945669983783859,-0.011945669983783859,2016-09-08
0.8272016688123991,0.045742344081286294,0.045742344081286294,2016-09-09
0.6291074976468773,0.004270126503536708,0.004270126503536708,2016-09-12
0.7006307606934831,0.011804904421754562,0.011804904421754562,2016-09-13
0.9855538266557392,0.027197209279532175,0.027197209279532175,2016-09-14
0.2195058028306156,0.01964567890227047,0.01964567890227047,2016-09-15
0.28431037447953167,0.02236957762116885,-0.02236957762116885,2016-09-16
0.3173705123604722,0.014823199731411005,-0.014823199731411005,2016-09-20
0.5462224591550329,0.0018002285401589513,0.0,2016-09-21
0.9142567353659437,0.008932939385106368,0.008932939385106368,2016-09-23
0.647316227401887,0.04106298655451907,0.04106298655451907,2016-09-26
0.5265829385028633,0.020480597900211544,0.0,2016-09-27
0.11698167199556753,0.00254784669529401,-0.00254784669529401,2016-09-28
0.5164298544148076,0.012252092449419189,0.0,2016-09-29
0.13598613989176578,0.0036034851607032736,-0.0036034851607032736,2016-09-30
0.4008544271073594,0.03849492580986367,0.0,2016-10-03
0.5740673477894453,0.021894637014239746,0.0,2016-10-04
0.8054508816352247,0.00163729150633291,0.00163729150633291,2016-10-05
0.0595721631224706,0.018908304939919986,-0.018908304939919986,2016-10-06
0.018525592931551427,0.008204443853959072,-0.008204443853959072,2016-10-07
0.05009128901903381,0.011177413193895938,-0.011177413193895938,2016-10-11
0.16927039648288045,0.002998220563986683,-0.002998220563986683,2016-10-12
0.6229326733228814,0.02795549050427098,0.02795549050427098,2016-10-13
0.8118885068033411,0.003600088171676407,0.003600088171676407,2016-10-14
0.975363907757236,0.013625515646895008,0.013625515646895008,2016-10-17
0.6434535718084177,0.017780512935144772,0.017780512935144772,2016-10-18
0.13849679625872702,0.0036512048130474895,-0.0036512048130474895,2016-10-19
0.24905221799818633,0.01751353338637561,0.01751353338637561,2016-10-20
0.060542249110699276,0.0014241554961518402,-0.0014241554961518402,2016-10-21
0.25111541026587436,0.03789020163285637,-0.03789020163285637,2016-10-24
0.3643391865199551,0.015084623020906627,0.015084623020906627,2016-10-25
0.682361889221541,0.02422706269513946,0.02422706269513946,2016-10-26
0.4965093805142945,0.016968832077728122,0.0,2016-10-27
0.6636316325843695,0.03911577043637263,0.03911577043637263,2016-10-28
0.4366311353086242,0.00657584015301293,0.0,2016-10-31
0.8031421603357424,0.005656757267331433,0.005656757267331433,2016-11-01
0.6801882440019736,0.021649468636946532,0.021649468636946532,2016-11-02
0.26901063997251284,0.015125015521793963,-0.015125015521793963,2016-11-04
0.544739688599525,0.018448303481266092,0.0,2016-11-07
0.9266398242375607,0.010555249422495265,0.010555249422495265,2016-11-08
0.30976634542523096,0.007692054635885161,-0.007692054635885161,2016-11-09
0.4287734376226745,0.009015913858480239,0.0,2016-11-10
0.15844853718474872,0.0025899873262336015,-0.0025899873262336015,2016-11-11
0.5510793999465908,0.019100715701181867,0.0,2016-11-14
0.9819129276229525,0.013815943071302204,0.013815943071302204,2016-11-15
0.306689438465899,0.007114019375388362,0.007114019375388362,2016-11-16
0.8531784041105902,0.007779509342507883,0.007779509342507883,2016-11-17
0.4748944833840332,0.009894910224590199,0.0,2016-11-18
0.7785473510003461,0.020346823479720434,0.020346823479720434,2016-11-21
0.8898607610567786,0.0025539301338389745,0.0025539301338389745,2016-11-22
0.18122881888420628,0.00043549686459879475,-0.00043549686459879475,2016-11-24
0.9993006953883705,0.0009434788019129006,0.0009434788019129006,2016-11-25
0.36303765808076804,0.03295416087929937,-0.03295416087929937,2016-11-28
0.6083079398423729,0.01964151856296171,0.01964151856296171,2016-11-29
0.49650940005062083,0.02506002007973637,0.0,2016-11-30
0.5665779585937706,0.01589846541381696,0.0,2016-12-01
0.5147041124017425,0.012635360941770599,0.0,2016-12-02
0.3132008278492303,0.008563783998497233,-0.008563783998497233,2016-12-05
0.043500123591227347,0.006246776284525438,-0.006246776284525438,2016-12-06
0.4633490444750238,0.005778932616876917,0.0,2016-12-07
0.8481904461187321,0.021854190434202343,0.021854190434202343,2016-12-08
0.1252264270372866,0.018814494910547215,-0.018814494910547215,2016-12-09
0.7935985176160976,0.039555685487532674,-0.039555685487532674,2016-12-12
0.4474771152071737,0.009187633925287797,0.0,2016-12-13
0.7600059082253112,0.009961191389819634,0.009961191389819634,2016-12-14
0.8093588700382952,0.024401306938641454,0.024401306938641454,2016-12-15
0.22417051347282568,0.04606960860652318,-0.04606960860652318,2016-12-16
0.873535635716868,0.011585318088065759,0.011585318088065759,2016-12-19
0.41471077348598373,0.02147956246395174,0.0,2016-12-20
0.6733014518485978,0.013209351250953016,0.013209351250953016,2016-12-21
0.9500401814733127,0.0017459222971713422,0.0017459222971713422,2016-12-22
0.4250273147523618,0.0024821253340007233,0.0,2016-12-26
0.8035792548746803,0.0004289260536037505,0.0004289260536037505,2016-12-27
0.514435783664858,0.024601062622294754,0.0,2016-12-28
0.7331643677570452,0.002743704867306393,-0.002743704867306393,2016-12-29
0.9008708301133567,0.00914868034923013,0.00914868034923013,2016-12-30
0.25248395979831806,0.03721187500370297,0.03721187500370297,2017-01-04
0.9033478917472076,0.018872088112500858,0.018872088112500858,2017-01-05
0.5572212465143384,0.0035234778023236347,0.0,2017-01-06
0.700778710867145,0.021874673317602907,0.021874673317602907,2017-01-10
0.06326486833799883,0.014183527939127047,-0.014183527939127047,2017-01-11
0.7675922370237457,0.01685698172174102,0.01685698172174102,2017-01-12
0.8137987219787566,0.022538987148743344,0.022538987148743344,2017-01-13
0.8979183681515589,0.029273502794531694,0.029273502794531694,2017-01-16
0.837022726437856,0.019369620017381826,0.019369620017381826,2017-01-17
0.7121413309217061,0.0051134505460303644,0.0051134505460303644,2017-01-18
0.13790749665717084,0.008530233229146526,-0.008530233229146526,2017-01-19
0.025432040405768186,0.0016814439110912295,-0.0016814439110912295,2017-01-20
0.6090954497764383,0.005445580713526394,0.005445580713526394,2017-01-23
0.7696495956630788,0.01691854649974222,0.01691854649974222,2017-01-24
0.04809333833718632,0.01006842253795714,-0.01006842253795714,2017-01-25
0.907309486163743,0.014364182794090272,0.014364182794090272,2017-01-26
0.4638592643116308,0.017346602770291267,0.0,2017-01-27
0.072241448048044,0.03347577083774002,-0.03347577083774002,2017-01-30
0.03934136476521033,0.03128158527790751,-0.03128158527790751,2017-01-31
0.7718332997427786,0.006712702277568055,0.006712702277568055,2017-02-01
0.05382058118000077,0.009918218795842768,-0.009918218795842768,2017-02-02
0.6293248239881478,0.02121669890194871,0.02121669890194871,2017-02-03
0.8571644891996211,0.013414598389423205,0.013414598389423205,2017-02-06
0.07350417636959539,0.013340013447587576,-0.013340013447587576,2017-02-07
0.8337999036370191,0.01645701602854645,0.01645701602854645,2017-02-08
0.13480858120236183,0.009056491270432919,-0.009056491270432919,2017-02-09
0.5589096736711405,0.00652342604831529,0.0,2017-02-10
0.4326698391084369,0.031422327752341446,0.0,2017-02-13
0.26652966009367873,0.0074543062158734805,-0.0074543062158734805,2017-02-14
0.43184283520946687,0.01697023681920258,0.0,2017-02-15
0.8029605483933587,0.02037960903498148,0.02037960903498148,2017-02-16
0.6118741632817788,0.008817629064973007,-0.008817629064973007,2017-02-17
0.5991569555373416,7.164945470002938e-05,0.0,2017-02-20
0.6977747545242072,0.011984010942925278,-0.011984010942925278,2017-02-21
0.13740031465436808,0.005589068481247237,-0.005589068481247237,2017-02-22
0.04123848835344068,0.013002066748247791,-0.013002066748247791,2017-02-23
0.5685615192813404,0.0051696302333343975,0.0,2017-02-24
0.9238406181153823,0.04333893622877584,0.04333893622877584,2017-02-27
0.28601708012114824,0.002432571894390632,-0.002432571894390632,2017-02-28
0.4833812057845911,0.004614314994427382,0.0,2017-03-01
0.24706211272555445,0.03312838734096981,-0.03312838734096981,2017-03-02
0.3529045114176679,0.008761681515492278,-0.008761681515492278,2017-03-03
0.7821762472007118,0.005597630464376432,0.005597630464376432,2017-03-06
0.7618150057840949,0.022306711522980145,0.022306711522980145,2017-03-07
0.6880802250150146,0.006485149573592201,0.006485149573592201,2017-03-08
0.6162912715478361,0.040530631829055946,0.040530631829055946,2017-03-09
0.5460043345367523,0.006118885820423891,0.0,2017-03-10
0.4489774228148593,0.0021516776147122575,0.0,2017-03-13
0.6079725850707483,0.01762247024149334,0.01762247024149334,2017-03-14
0.3559968651612805,0.010533074137783106,-0.010533074137783106,2017-03-15
0.28537379692570586,0.013867716755330044,-0.013867716755330044,2017-03-16
0.8002177919771406,0.00451428317232615,0.00451428317232615,2017-03-17
0.26740736214612326,0.0011343020201872993,-0.0011343020201872993,2017-03-21
0.3708526810270133,0.00640352693525885,0.00640352693525885,2017-03-22
0.8868316886072733,0.029669241630988077,0.029669241630988077,2017-03-23
0.7717708792561849,0.00021466547956507556,0.00021466547956507556,2017-03-24
0.10300342341273006,0.00227667536132038,-0.00227667536132038,2017-03-27
0.20712715847682972,0.01593297320985797,-0.01593297320985797,2017-03-28
0.052970444983458265,0.01517718618051767,-0.01517718618051767,2017-03-29
0.7811609248194299,0.013285038296808637,-0.013285038296808637,2017-03-30
0.11613659933244436,0.010789102560318295,-0.010789102560318295,2017-03-31
0.7954804774149512,0.02192005317284956,0.02192005317284956,2017-04-03
0.6391885250703632,0.009907400393973935,0.009907400393973935,2017-04-04
0.2458149058005905,0.0301561716349358,-0.0301561716349358,2017-04-05
0.16417731979383066,0.0036041168432507185,-0.0036041168432507185,2017-04-06
0.1854532203036665,0.0015737414573465897,-0.0015737414573465897,2017-04-07
0.04107098508276941,0.00921379363906559,-0.00921379363906559,2017-04-10
0.31327956509115307,0.030140272792686322,-0.030140272792686322,2017-04-11
0.1870143743098578,0.02211505329630015,-0.02211505329630015,2017-04-12
0.6144203186736826,0.015884802017207215,0.015884802017207215,2017-04-13
0.8188393000003648,0.0063036502749020335,0.0063036502749020335,2017-04-14
0.5040877431762474,0.027340773799730135,0.0,2017-04-17
0.809854495456696,0.007706137055820742,0.007706137055820742,2017-04-18
0.6365867117896711,0.006476197963920132,0.006476197963920132,2017-04-19
0.906557912704465,0.017701412406116095,0.017701412406116095,2017-04-20
0.46335339130427144,0.016958293867230172,0.0,2017-04-21
0.9631541005801584,0.012531479240639213,0.012531479240639213,2017-04-24
0.12437672233972297,0.038852317614124506,-0.038852317614124506,2017-04-25
0.9648822321551362,0.025986978080526003,0.025986978080526003,2017-04-26
0.6728118255856406,0.011135171568712712,0.011135171568712712,2017-04-27
0.41413897442887015,0.040280651276567304,0.0,2017-04-28
0.9902617343352149,0.012221493122728804,0.012221493122728804,2017-05-01
0.9618070889366266,0.01896223068978687,0.01896223068978687,2017-05-02
0.26447396770691856,0.012849386125175215,-0.012849386125175215,2017-05-08
0.31197669694387753,0.025601205697924574,-0.025601205697924574,2017-05-09
0.6067222197034923,0.015146379729654248,0.015146379729654248,2017-05-10
0.015166633070940905,0.027175507990675488,-0.027175507990675488,2017-05-11
0.7936201366124109,0.009475298333028858,-0.009475298333028858,2017-05-12
0.579292465890362,0.01934169034688686,0.0,2017-05-15
0.4405510478363057,0.0025164843242732045,0.0,2017-05-16
0.077264838124804,0.023363023549771347,-0.023363023549771347,2017-05-17
0.31826150634021244,0.022134553571135664,-0.022134553571135664,2017-05-18
0.8248361071398402,0.019090304867713518,0.019090304867713518,2017-05-19
0.1267485734299877,0.02009983976989335,-0.02009983976989335,2017-05-22
0.24825375193983978,0.024280734378071697,-0.024280734378071697,2017-05-23
0.6548558190882273,0.0050775174422759365,0.0050775174422759365,2017-05-24
0.656112644206417,0.005052659360213199,0.005052659360213199,2017-05-25
0.962699602478555,0.007766545209095782,0.007766545209095782,2017-05-26
0.9146899938771096,0.017033307700321042,0.017033307700321042,2017-05-29
0.4141247630087058,0.013201003789499023,0.0,2017-05-30
0.7282380936457548,0.0013334844941861315,0.0013334844941861315,2017-05-31
0.7180815842900914,0.010890545365104521,-0.010890545365104521,2017-06-01
0.10147469529042441,0.0100755733163359,-0.0100755733163359,2017-06-02
0.17396969638801996,0.004339086634186036,-0.004339086634186036,2017-06-05
0.8668903708981828,0.002408412578517981,0.002408412578517981,2017-06-06
0.38044184598632724,0.024937376504578897,-0.024937376504578897,2017-06-07
0.2759115929599488,0.008431759067108012,-0.008431759067108012,2017-06-08
0.4782024845350664,0.021329458038176537,0.0,2017-06-09
0.8891570471435681,0.026985590761521315,0.026985590761521315,2017-06-12
0.5699439002481732,0.006542422127325387,0.0,2017-06-13
0.7663032449879994,0.02992982542886455,0.02992982542886455,2017-06-14
0.5653218665207703,0.002230200860276669,0.0,2017-06-15
0.4143389793496485,0.015018351992340992,0.0,2017-06-16
0.32173164543532573,0.011570117483444171,-0.011570117483444171,2017-06-19
0.4968924810628579,0.03029063517862333,0.0,2017-06-20
0.26004275223987605,0.00883239345018082,-0.00883239345018082,2017-06-21
0.5907583387489064,0.025830421827293677,0.0,2017-06-22
0.6673313025088783,0.007067928884713934,0.007067928884713934,2017-06-23
0.25631836168481004,0.01121407656636458,-0.01121407656636458,2017-06-26
0.11909276283391812,0.0030692340691818795,-0.0030692340691818795,2017-06-27
0.8611679937757384,0.0321770474213393,0.0321770474213393,2017-06-28
0.4773262053015418,0.02044451373359805,0.0,2017-06-29
0.8590593619540311,0.00012164790491838546,0.00012164790491838546,2017-06-30
0.7568525689557917,0.014259745359062787,0.014259745359062787,2017-07-03
0.5846250985011995,0.04304319026031444,0.0,2017-07-04
0.9570656878171271,0.017557142272650896,0.017557142272650896,2017-07-05
0.4976815790891368,0.01320567920045712,0.0,2017-07-06
0.92672905447835,0.013823194192381717,0.013823194192381717,2017-07-07
0.17370618812051386,0.024804464341926527,-0.024804464341926527,2017-07-10
0.08402622479224597,0.0070157223876897296,-0.0070157223876897296,2017-07-11
0.4121370020934747,0.021306472094616405,0.0,2017-07-12
0.4914192029583946,0.00252473298216591,0.0,2017-07-13
0.9527878294898751,0.01700697056073335,0.01700697056073335,2017-07-14
0.545507380577812,0.0034949944223680446,0.0,2017-07-18
0.41712203463899555,0.007284456853567004,0.0,2017-07-19
0.013273026253111664,0.02277586848723025,-0.02277586848723025,2017-07-20
0.1516546401592791,0.002143800689149491,-0.002143800689149491,2017-07-21
0.891185221289206,0.015460024205839494,0.015460024205839494,2017-07-24
0.24414049352495282,0.016628069896756827,-0.016628069896756827,2017-07-25
0.039818602993588526,0.013800384345313386,-0.013800384345313386,2017-07-26
0.2872052160218965,0.0006481221031890623,-0.0006481221031890623,2017-07-27
0.94389282055486,0.015759420995647352,0.015759420995647352,2017-07-28
0.46915010733243634,0.0027121778398165055,0.0,2017-07-31
0.23974136932240575,0.009684955325524868,0.009684955325524868,2017-08-01
0.9430469935469641,0.015668299926666854,0.015668299926666854,2017-08-02
0.037900622159503294,0.0070804469198047235,-0.0070804469198047235,2017-08-03
0.46386792493811135,0.0091771150874772,0.0,2017-08-04
0.055948984144372216,0.0010420274112287174,-0.0010420274112287174,2017-08-07
0.648714196064531,0.028029553905853717,0.028029553905853717,2017-08-08
0.9015558174308121,0.017748812637011942,0.017748812637011942,2017-08-09
0.44270959593820003,0.008145833511201897,0.0,2017-08-10
0.24038046107549704,0.005147547812235005,0.005147547812235005,2017-08-14
0.5107664461790972,0.00520893435503441,0.0,2017-08-15
0.8508751964440009,0.0014969824432231804,0.0014969824432231804,2017-08-16
0.9133397499189069,0.00748791998084339,0.00748791998084339,2017-08-17
0.039877533677250665,0.007027867469645857,-0.007027867469645857,2017-08-18
0.1327024163883741,0.0019927564023330957,-0.0019927564023330957,2017-08-21
0.5751573722972273,0.005165862805242716,0.0,2017-08-22
0.7818515013078412,0.00839127001821663,0.00839127001821663,2017-08-23
0.020363093147577782,0.004284427177101461,-0.004284427177101461,2017-08-24
0.374277440745852,0.011256655554698054,0.011256655554698054,2017-08-25
0.4921923885596733,0.02237136564840603,0.0,2017-08-28
0.7545029967592414,0.0028216678396565205,0.0028216678396565205,2017-08-29
0.9803698839155951,0.001436387000307996,0.001436387000307996,2017-08-30
0.8834503481999314,0.01148945559353647,0.01148945559353647,2017-08-31
0.8109092512687482,0.03606454662327057,0.03606454662327057,2017-09-01
0.5973650265345821,0.0023780932836722137,0.0,2017-09-04
0.14587321257995056,0.03428792701580696,-0.03428792701580696,2017-09-05
0.2561215309455783,0.01573716374436207,-0.01573716374436207,2017-09-06
0.005496550568196978,0.01974633188249872,-0.01974633188249872,2017-09-07
0.3581604298830633,0.0232774321589334,0.0232774321589334,2017-09-08
0.2951994718275698,0.012932508823864531,-0.012932508823864531,2017-09-11
0.2285504569127248,0.0053372812744711135,-0.0053372812744711135,2017-09-12
0.007291030678116317,0.004707770454737722,-0.004707770454737722,2017-09-13
0.8804878501497648,0.01622525988617072,0.01622525988617072,2017-09-14
0.4813766970760718,0.0032936503290988137,0.0,2017-09-15
0.49155567831711433,0.01314328861679691,0.0,2017-09-19
0.15891014092592037,0.007448505678449581,-0.007448505678449581,2017-09-20
0.6491265720993489,0.012523224128072314,0.012523224128072314,2017-09-21
0.6558526918516929,0.015077321458251037,0.015077321458251037,2017-09-22
0.9433580885935996,0.011385833373273608,0.011385833373273608,2017-09-25
0.8796495322937462,0.01032812834723854,0.01032812834723854,2017-09-26
0.7760263065500855,0.012563027982010339,0.012563027982010339,2017-09-27
0.1356379569630345,0.00645466020031957,-0.00645466020031957,2017-09-28
0.6470574455511438,0.019927661130859683,0.019927661130859683,2017-09-29
0.39339355445246327,0.008651595617338536,-0.008651595617338536,2017-10-02
0.7849771283110203,0.007497432827959178,0.007497432827959178,2017-10-03
0.3957408125613804,0.003350434443188585,-0.003350434443188585,2017-10-04
0.42395951948080257,0.01200540462229367,0.0,2017-10-05
0.7332360219053314,0.01220300526351172,0.01220300526351172,2017-10-06
0.6497288043997457,0.018324655465739935,0.018324655465739935,2017-10-10
0.4393484874127783,0.011832960225944477,0.0,2017-10-11
0.6070563338673832,0.01916579176595581,0.01916579176595581,2017-10-12
0.12017670183738771,0.012776913953504375,-0.012776913953504375,2017-10-13
0.19466230234714066,0.02013769942950743,-0.02013769942950743,2017-10-16
0.9433822099342019,0.0077549165051825535,0.0077549165051825535,2017-10-17
0.7236549882043838,0.01291024001429204,0.01291024001429204,2017-10-18
0.2644331974983949,0.005098691701277581,-0.005098691701277581,2017-10-19
0.6605074356156673,0.00478862395075361,0.00478862395075361,2017-10-20
0.20139804967108854,0.00848295675785912,-0.00848295675785912,2017-10-23
0.6409693709022564,0.004155406087841586,0.004155406087841586,2017-10-24
0.41709252618487036,0.0008438273668646372,0.0,2017-10-25
0.24324311169219204,0.0019396656589762973,0.0019396656589762973,2017-10-26
0.09145993213048287,0.027009993722473626,-0.027009993722473626,2017-10-27
0.24442581713919564,0.0005701638098409123,0.0005701638098409123,2017-10-30
0.20002195395130506,0.005427074847734419,-0.005427074847734419,2017-10-31
0.3491785719651985,0.023989167693918432,-0.023989167693918432,2017-11-01
0.006470298131940777,0.01645316994077887,-0.01645316994077887,2017-11-02
0.41900983970204353,0.020959072660589995,0.0,2017-11-06
0.36616666463420633,0.003512580869156414,-0.003512580869156414,2017-11-07
0.2677005659590497,0.014875582957470051,0.014875582957470051,2017-11-08
0.9424855034013565,0.020757163519854648,0.020757163519854648,2017-11-09
0.3223095772305655,0.008762434639633398,-0.008762434639633398,2017-11-10
0.8918651349154413,0.018717920145446817,0.018717920145446817,2017-11-13
0.5350443623744338,0.013193817115010009,0.0,2017-11-14
0.981666709852726,0.019173164212369368,0.019173164212369368,2017-11-15
0.4054856977019604,0.020884923466624676,0.0,2017-11-16
0.5318920763178735,0.025655850190983837,0.0,2017-11-17
0.406821425882663,0.0002303960192708299,0.0,2017-11-20
0.7821994016748498,0.007252296612834818,0.007252296612834818,2017-11-21
0.26460192696658935,0.014487935333351966,-0.014487935333351966,2017-11-22
0.7324218753093825,0.00537133819950815,0.00537133819950815,2017-11-24
0.5296802038268896,0.01997964561181683,0.0,2017-11-27
0.5378962453207096,0.012357686866804633,0.0,2017-11-28
0.5588237743384022,0.0013491400549238911,0.0,2017-11-29
0.8735202540196263,0.012567722489499552,0.012567722489499552,2017-11-30
0.020840158090216554,0.006323109693789863,-0.006323109693789863,2017-12-01
0.3747107134944083,0.034124898925724054,0.034124898925724054,2017-12-04
0.9356614862516576,0.021433621819147205,0.021433621819147205,2017-12-05
0.929761886059017,0.007695579542265951,0.007695579542265951,2017-12-06
0.7874976273785175,0.022068635720491222,0.022068635720491222,2017-12-07
0.7256603361429055,0.03983197403670219,-0.03983197403670219,2017-12-08
0.46024507493063926,0.012349443158304064,0.0,2017-12-11
0.489433058094478,0.029535641663362006,0.0,2017-12-12
0.9598169701064163,0.005588818061931595,0.005588818061931595,2017-12-13
0.030661642579052795,0.00463490275635473,-0.00463490275635473,2017-12-14
0.5028130331807098,0.005961455515530066,0.0,2017-12-15
0.587060123869888,0.011557849195630396,0.0,2017-12-18
0.1443719035108385,0.00012017881100622362,-0.00012017881100622362,2017-12-19
0.5731089097990331,0.021997880172577575,0.0,2017-12-20
0.5413246451357514,0.04961400939196481,0.0,2017-12-21
0.22533477514039935,0.006835274314791701,-0.006835274314791701,2017-12-22
0.11873904022554027,0.0038193169895644192,-0.0038193169895644192,2017-12-25
0.3351977514758332,0.0361766665700578,-0.0361766665700578,2017-12-26
0.7316568526484971,0.003599150007694794,0.003599150007694794,2017-12-27
0.3527210168048316,0.011341463723932283,-0.011341463723932283,2017-12-28
0.8639212279698211,0.003908011603470423,0.003908011603470423,2017-12-29
0.29599487945043634,0.020123073983009557,-0.020123073983009557,2018-01-04
0.8365601396372637,0.00941152557568322,0.00941152557568322,2018-01-05
0.8041844327331099,0.0015183657214049384,0.0015183657214049384,2018-01-09
0.30842071819660655,0.022849335098210247,-0.022849335098210247,2018-01-10
0.9390363135481424,0.034634761923935733,0.034634761923935733,2018-01-11
0.664109289742495,0.02874288733148775,0.02874288733148775,2018-01-12
0.5221424958597984,0.012290415823126833,0.0,2018-01-15
0.5909682165022591,0.0059521478261646815,0.0,2018-01-16
0.9661232637389491,0.014282997628560936,0.014282997628560936,2018-01-17
0.7945835084207291,0.024414606257390732,0.024414606257390732,2018-01-18
0.20201105357458116,0.012847859835672715,-0.012847859835672715,2018-01-19
0.44493344019947356,0.007704823811562498,0.0,2018-01-22
0.8414652256831949,0.00561532233833145,0.00561532233833145,2018-01-23
0.1853226063537824,0.011343381598400166,-0.011343381598400166,2018-01-24
0.8754354814602369,0.03375695525293364,0.03375695525293364,2018-01-25
0.9430045609133253,0.004353472157183339,0.004353472157183339,2018-01-26
0.5327793925593916,0.0231937926509189,0.0,2018-01-29
0.6276969696531641,0.00797944697696682,0.00797944697696682,2018-01-30
0.9253015957778061,0.026203684684610762,0.026203684684610762,2018-01-31
0.6485695486051017,0.0019493486001723038,0.0019493486001723038,2018-02-01
0.3823953717219225,0.009009373793453703,-0.009009373793453703,2018-02-02
0.24847872731286003,0.0036679481242736303,-0.0036679481242736303,2018-02-05
0.09749055925348726,0.008952468746646252,-0.008952468746646252,2018-02-06
0.4326347229922526,0.011137661265455037,0.0,2018-02-07
0.5992380516309149,0.0015785903100941853,0.0,2018-02-08
0.35688513530688426,0.020449988375748813,-0.020449988375748813,2018-02-09
0.030516051186862958,0.003886731689543073,-0.003886731689543073,2018-02-13
0.24669879713041176,0.033263139266275644,0.033263139266275644,2018-02-14
0.24745712062464675,0.01580376991504595,-0.01580376991504595,2018-02-15
0.6726489895277369,0.00380791606343851,0.00380791606343851,2018-02-16
0.5955409861989555,0.017381025689572203,0.0,2018-02-19
0.6655281936808514,0.0014920473260395769,-0.0014920473260395769,2018-02-20
0.3599574009065112,0.01453429725136286,-0.01453429725136286,2018-02-21
0.9048356327787097,0.007252392218209665,0.007252392218209665,2018-02-22
0.3626576621796832,0.019298367658504942,-0.019298367658504942,2018-02-23
0.8011683547825016,0.013437796605549208,0.013437796605549208,2018-02-26
0.9555573954818327,0.000378614020877231,0.000378614020877231,2018-02-27
0.3401411912701381,0.01646376862755079,-0.01646376862755079,2018-02-28
0.49104205201957374,0.007640851519101411,0.0,2018-03-01
0.9322805807439606,0.026776039509698195,0.026776039509698195,2018-03-02
0.4411133145650453,0.010098501239594628,0.0,2018-03-05
0.45331410196909894,0.025013510076661666,0.0,2018-03-06
0.4412625273096341,0.036351114559125666,0.0,2018-03-07
0.7458950584147164,0.01980136167044728,0.01980136167044728,2018-03-08
0.9811842224983189,0.004126806175919657,0.004126806175919657,2018-03-09
0.4333807961506433,0.014649454839015166,0.0,2018-03-12
0.9810581903681528,0.008514809666910445,0.008514809666910445,2018-03-13
0.5528875139735043,0.009877297907499747,0.0,2018-03-14
0.6878049121063247,0.013455867290138769,0.013455867290138769,2018-03-15
0.7850558570699383,0.021574506342898196,0.021574506342898196,2018-03-16
0.4856642600756903,0.005531053637415984,0.0,2018-03-19
0.17591194160609758,0.0360124582824132,-0.0360124582824132,2018-03-20
0.34983399270755433,0.008593400930274768,-0.008593400930274768,2018-03-22
0.3158672240991829,0.023031000715069982,0.023031000715069982,2018-03-23
0.31841275301535976,0.017000344420649644,-0.017000344420649644,2018-03-26
0.12771055394364783,0.030515341141300983,-0.030515341141300983,2018-03-27
0.41750045766053745,0.016073136101310472,0.0,2018-03-28
0.7282886577439274,0.0033557084733792093,0.0033557084733792093,2018-03-29
0.911568749243806,0.027995000271405855,0.027995000271405855,2018-03-30
0.4761405270041362,0.004921563582304727,0.0,2018-04-02
0.8312618040551479,0.019344209230229677,0.019344209230229677,2018-04-03
0.7449950998689553,0.009721088573025484,0.009721088573025484,2018-04-04
0.9276099921030215,0.003294275538234215,0.003294275538234215,2018-04-05
0.1817828026363668,0.0047576647671725225,-0.0047576647671725225,2018-04-06
0.16215855557823633,0.01078668085507264,-0.01078668085507264,2018-04-09
0.6639833029986163,0.01858806135555452,0.01858806135555452,2018-04-10
0.24883730502127055,0.007489268216462265,-0.007489268216462265,2018-04-11
0.24611198167632475,0.015810639934671748,-0.015810639934671748,2018-04-12
0.1966885810129776,0.011135203034229308,-0.011135203034229308,2018-04-13
0.879013252361332,0.0061621680426894344,0.0061621680426894344,2018-04-16
0.8202275571048616,6.75689880340063e-05,6.75689880340063e-05,2018-04-17
0.5265585045770123,0.009077267224831067,0.0,2018-04-18
0.6319921966245841,0.016969507427360083,0.016969507427360083,2018-04-19
0.027381195075459108,0.016537330756467277,-0.016537330756467277,2018-04-20
0.4495421338312613,0.026649780260476957,0.0,2018-04-23
0.9194227235520872,0.011589249405784756,0.011589249405784756,2018-04-24
0.26602796673608375,0.023528157612365038,-0.023528157612365038,2018-04-25
0.9251631344626078,0.02688746215044588,0.02688746215044588,2018-04-26
0.17844293058071814,0.007653926943197466,-0.007653926943197466,2018-04-27
0.6383227878247171,0.03376722583374112,0.03376722583374112,2018-05-01
0.0901736746116184,0.019237295927469297,-0.019237295927469297,2018-05-02
0.7193043893429014,0.01489913184787302,0.01489913184787302,2018-05-07
0.18237430573537228,0.031025365070665098,-0.031025365070665098,2018-05-08
0.4032907941919559,0.0037929763020059072,0.0,2018-05-09
0.5804077988689285,0.01970606894081258,0.0,2018-05-10
0.1497647171784975,0.020302067480788593,-0.020302067480788593,2018-05-11
0.661440472266451,0.022476660892490924,0.022476660892490924,2018-05-14
0.08278667493971281,0.009418057769960906,-0.009418057769960906,2018-05-15
0.4608000598406309,0.00980521523723681,0.0,2018-05-16
0.7361021268682164,0.0057716129068460745,0.0057716129068460745,2018-05-17
0.20402235558944914,0.003302772895998155,-0.003302772895998155,2018-05-18
0.33586526296929886,0.025061810884510257,-0.025061810884510257,2018-05-21
0.30683727260845683,0.009482075266322876,0.009482075266322876,2018-05-22
0.1787545950767251,0.018850043525986522,-0.018850043525986522,2018-05-23
0.4741244961280391,0.007782674393231222,0.0,2018-05-24
0.4913606213506442,0.04591503985313358,0.0,2018-05-25
0.4194970879782246,0.001977284759517371,0.0,2018-05-28
0.8570544118706351,0.0035877056602351327,0.0035877056602351327,2018-05-29
0.1994781146244352,0.007337759926091538,-0.007337759926091538,2018-05-30
0.9573759720037108,0.002078991581595356,0.002078991581595356,2018-05-31
0.11689437819387061,0.04288016897295968,-0.04288016897295968,2018-06-01
0.9072422757115067,0.008785722950676037,0.008785722950676037,2018-06-04
0.006651098080229123,0.006496569872362136,-0.006496569872362136,2018-06-05
0.07591362866970452,0.029139744567603907,-0.029139744567603907,2018-06-06
0.8410108251053632,0.031696769230976564,0.031696769230976564,2018-06-07
0.8570662234075059,0.03455939016921476,0.03455939016921476,2018-06-08
0.6628144638968493,0.024909686524749685,0.024909686524749685,2018-06-11
0.05781508226713883,0.04297855678634156,-0.04297855678634156,2018-06-12
0.5059155514839304,0.014727514931614711,0.0,2018-06-13
0.008818790156937206,0.04563734976611439,-0.04563734976611439,2018-06-14
0.15927829996604537,0.02595155409892031,-0.02595155409892031,2018-06-15
0.4583274196926701,0.01716165359761118,0.0,2018-06-18
0.49379384954412353,0.014276777334891431,0.0,2018-06-19
0.9169301002410635,0.006445583384394866,0.006445583384394866,2018-06-20
0.3118800582122563,0.016338753506090244,0.016338753506090244,2018-06-21
0.7083640841520998,0.01622563506539849,-0.01622563506539849,2018-06-22
0.21843159705087822,0.01798890591338249,-0.01798890591338249,2018-06-25
0.6363080757591139,0.04618957399982761,0.04618957399982761,2018-06-26
0.3085032406164272,0.0005305032169743752,0.0005305032169743752,2018-06-27
0.014536576234812859,0.04073368069713199,-0.04073368069713199,2018-06-28
0.8796944716802659,0.017518054976094603,0.017518054976094603,2018-06-29
0.6400080076429021,0.02808238460063974,-0.02808238460063974,2018-07-02
0.05002377499570587,0.009933170404726549,-0.009933170404726549,2018-07-03
0.3225802131216753,0.006259724026529021,-0.006259724026529021,2018-07-04
0.1659943071303892,0.0057518091742383,-0.0057518091742383,2018-07-05
0.41601599290159297,0.0026153967134563737,0.0,2018-07-06
0.46330519931802894,0.03706854222651392,0.0,2018-07-09
0.7579872261219058,0.045957370404193724,0.045957370404193724,2018-07-10
0.5064244717282588,0.01348704945915973,0.0,2018-07-11
0.8540963291659752,0.01069623092556149,0.01069623092556149,2018-07-12
0.14300306605895663,0.006824063743066586,-0.006824063743066586,2018-07-13
0.671361661467019,0.017409691962598374,0.017409691962598374,2018-07-17
0.9641896989970555,0.00820234750190573,0.00820234750190573,2018-07-18
0.8549319554425953,0.009524255052439978,0.009524255052439978,2018-07-19
0.9881562537749795,0.021888758240060476,0.021888758240060476,2018-07-20
0.039821018425517885,0.0049266178956212815,-0.0049266178956212815,2018-07-23
0.395327402905692,0.030432849826013526,-0.030432849826013526,2018-07-24
0.6977318211748103,0.0015393152773785297,0.0015393152773785297,2018-07-25
0.31412671072001663,0.029562593731297458,-0.029562593731297458,2018-07-26
0.02824352383369555,0.02164313770856688,-0.02164313770856688,2018-07-27
0.16381701370261104,0.005057960655051234,-0.005057960655051234,2018-07-30
0.8752531394872209,0.00496757929662204,0.00496757929662204,2018-07-31
0.24880426137714806,0.020767710671289245,-0.020767710671289245,2018-08-01
0.5491238372679677,0.015971971806656243,0.0,2018-08-02
0.7076495538233506,0.013308065936472204,0.013308065936472204,2018-08-03
0.8241347300746794,0.015790788860956986,0.015790788860956986,2018-08-06
0.6451026373801019,0.0039691580662434955,-0.0039691580662434955,2018-08-07
0.5348953304966583,0.0022630105108289366,0.0,2018-08-08
0.8638176620569166,0.031493502382281456,0.031493502382281456,2018-08-09
0.2148875110704065,0.011593552922825231,0.011593552922825231,2018-08-10
0.744824290211319,0.008107326789858978,-0.008107326789858978,2018-08-13
0.7414040598418217,0.0001622415008454865,0.0001622415008454865,2018-08-14
0.19634933563977475,0.0018180458840006775,-0.0018180458840006775,2018-08-15
0.16975432068953067,0.0014876069895415395,-0.0014876069895415395,2018-08-16
0.6306068681174661,0.0223632414680394,0.0223632414680394,2018-08-17
0.4807961024262781,0.0036649438944142167,0.0,2018-08-20
0.09817077655287021,0.03922185329331166,-0.03922185329331166,2018-08-21
0.6180575246010661,0.029220059107046243,0.029220059107046243,2018-08-22
0.04509304411093662,0.005873931367304757,-0.005873931367304757,2018-08-23
0.45642248089313786,0.002578435522932617,0.0,2018-08-24
0.9196038009199904,0.0014451244996722284,0.0014451244996722284,2018-08-27
0.6824540134699224,0.010382533327197548,0.010382533327197548,2018-08-28
0.6504274891023818,0.03713943647337101,0.03713943647337101,2018-08-29
0.2977469660486727,0.012115628575523965,0.012115628575523965,2018-08-30
0.4636337770154906,0.03139947508908306,0.0,2018-08-31
0.6127827899308176,0.046971325475842485,0.046971325475842485,2018-09-03
0.5982621865187303,0.028767224695264663,0.0,2018-09-04
0.19298308027757705,0.017592838525117917,-0.017592838525117917,2018-09-05
0.7628128557318127,0.0043971706171362715,0.0043971706171362715,2018-09-06
0.1235829801501741,0.0141163335677545,-0.0141163335677545,2018-09-07
0.676442041513098,0.010071195397255452,0.010071195397255452,2018-09-10
0.8508752324496563,0.013492233344877955,0.013492233344877955,2018-09-11
0.7080413069143269,0.01593969441890504,0.01593969441890504,2018-09-12
0.3951388885100169,0.00689418561767191,-0.00689418561767191,2018-09-13
0.7019828424811352,0.006292639968467948,0.006292639968467948,2018-09-14
0.6299478499434014,0.006566764484329898,0.006566764484329898,2018-09-18
0.8294394079498959,0.001818596324634738,0.001818596324634738,2018-09-19
0.9972929277533861,0.006199413206713213,0.006199413206713213,2018-09-20
0.5637609664008182,0.02291753634251071,0.0,2018-09-21
0.17270620842573225,0.007355502234588095,-0.007355502234588095,2018-09-25
0.897783908426333,0.02960040936746025,0.02960040936746025,2018-09-26
0.8175403368300624,0.011191921974933735,0.011191921974933735,2018-09-27
0.11454461599818777,0.04451667813883173,-0.04451667813883173,2018-09-28
0.029495579863341947,0.005001491992301378,-0.005001491992301378,2018-10-01
0.6993422562813266,0.002781393953216561,0.002781393953216561,2018-10-02
0.1492654203056163,0.004778527833933133,-0.004778527833933133,2018-10-03
0.7757040321540815,0.009940836489014183,0.009940836489014183,2018-10-04
0.46841300374635575,0.013057208531602258,0.0,2018-10-05
0.9277256043582599,0.025682958456949984,0.025682958456949984,2018-10-09
0.3339396830627618,0.012386727250516826,0.012386727250516826,2018-10-10
0.6143511863076034,0.00423451132582416,-0.00423451132582416,2018-10-11
0.09509299927110959,0.0005198862517651008,-0.0005198862517651008,2018-10-12
0.2764836923559506,0.003659078960623505,0.003659078960623505,2018-10-15
0.24641841275702603,0.02851586805423371,0.02851586805423371,2018-10-16
0.21576284697155546,0.004356034385270988,-0.004356034385270988,2018-10-17
0.9255838756784379,0.005413977613200902,0.005413977613200902,2018-10-18
0.4560320311019579,0.00968504946656389,0.0,2018-10-19
0.849738123308052,0.0007006464691743874,0.0007006464691743874,2018-10-22
0.2051590860050141,0.025808749948766703,-0.025808749948766703,2018-10-23
0.362050851595631,0.018538079804491677,-0.018538079804491677,2018-10-24
0.38110252919210263,0.0018701948861248414,0.0018701948861248414,2018-10-25
0.021655766473497762,0.005989177934587878,-0.005989177934587878,2018-10-26
0.3532910001928473,0.007499446487575983,0.007499446487575983,2018-10-29
0.5367153991813431,0.020774332642653395,0.0,2018-10-30
0.28156741207296654,0.01040819153697959,-0.01040819153697959,2018-10-31
0.2865103564930568,0.003659404973155429,-0.003659404973155429,2018-11-01
0.4904096186913852,0.007238423592162395,0.0,2018-11-02
0.6534897163807756,0.025453177735255225,0.025453177735255225,2018-11-05
0.7797256860451017,0.021106410765857737,0.021106410765857737,2018-11-06
0.28572640516310355,0.005146168078490295,0.005146168078490295,2018-11-07
0.6747316024762362,0.015429818137789096,0.015429818137789096,2018-11-08
0.013037682423479469,0.022449014299689245,-0.022449014299689245,2018-11-09
0.2530797919729476,0.0230305490586077,-0.0230305490586077,2018-11-12
0.11602469712038055,0.011697797868898888,-0.011697797868898888,2018-11-13
0.4965427519509489,0.01665934710428111,0.0,2018-11-14
0.2756122363826148,0.02820211216600831,-0.02820211216600831,2018-11-15
0.8452515584125179,0.012109598117392407,0.012109598117392407,2018-11-16
0.404865421905923,0.012955777256204852,0.0,2018-11-19
0.73424368901566,0.009955430742516348,-0.009955430742516348,2018-11-20
0.07103273374970787,0.008883421803747281,-0.008883421803747281,2018-11-21
0.42874726810543196,0.01674596205207105,0.0,2018-11-22
0.4103669203861092,0.007228118478194956,0.0,2018-11-26
0.16610254742273667,0.009104337807276418,-0.009104337807276418,2018-11-27
0.669015746373079,0.01785287708692245,0.01785287708692245,2018-11-28
0.6632661397645194,0.036004596473406945,0.036004596473406945,2018-11-29
0.29413657529276627,0.04194765848692518,-0.04194765848692518,2018-11-30
0.944747911550873,0.0013801940770917563,0.0013801940770917563,2018-12-03
0.28452057151060584,0.008428060132234644,-0.008428060132234644,2018-12-04
0.7384080710276024,0.00541825251764696,0.00541825251764696,2018-12-05
0.7211431012505036,0.015107018348796148,0.015107018348796148,2018-12-06
0.17261966569318576,0.007802792411968466,-0.007802792411968466,2018-12-07
0.5746044072771216,0.008158226635107388,0.0,2018-12-10
0.42881822297668204,0.016662728907086026,0.0,2018-12-11
0.45004878687696537,0.008530907880718286,0.0,2018-12-12
0.3107918917178979,0.03558880718623601,-0.03558880718623601,2018-12-13
0.5423836917873575,0.01298046272512754,0.0,2018-12-14
0.6696555409990519,0.02417276159278278,0.02417276159278278,2018-12-17
0.23148356025116779,0.00831280655014392,0.00831280655014392,2018-12-18
0.03647293067457669,0.00978176981435541,-0.00978176981435541,2018-12-19
0.6768177992764556,0.010481589762319164,0.010481589762319164,2018-12-20
0.3240276688272682,0.0027594574535141653,-0.0027594574535141653,2018-12-21
0.842615805460385,0.0021786447954328706,0.0021786447954328706,2018-12-25
0.6069631476704962,0.004538573130155816,-0.004538573130155816,2018-12-26
0.7597301248824109,0.013188460216002078,0.013188460216002078,2018-12-27
0.8639070286741998,0.026525677828817647,0.026525677828817647,2018-12-28
0.5135202497765037,0.028918501057702026,0.0,2019-01-04
0.2347181469795826,0.004490258385072367,0.004490258385072367,2019-01-07
0.5913785610689551,0.005608769012049932,0.0,2019-01-08
0.5612349151608909,0.015870391742487173,0.0,2019-01-09
0.3575727472855068,0.002471952505987645,0.002471952505987645,2019-01-10
0.4876627177229287,0.008030850708121547,0.0,2019-01-11
0.8863122383870682,0.011438614333783416,0.011438614333783416,2019-01-15
0.9489819229441737,0.00905546782832809,0.00905546782832809,2019-01-16
0.07721930686407097,0.02267800579939979,-0.02267800579939979,2019-01-17
0.006139271877679153,0.0005308316916276893,-0.0005308316916276893,2019-01-18
0.8669401271333551,0.008077210590066813,0.008077210590066813,2019-01-21
0.6356103543158873,0.025249578533644526,-0.025249578533644526,2019-01-22
0.405057292025364,0.008744029334461325,0.0,2019-01-23
0.8836884992135103,0.002024251030179023,0.002024251030179023,2019-01-24
0.4360258553348948,0.016735672619624338,0.0,2019-01-25
0.47024878771784495,0.0132258466046268,0.0,2019-01-28
0.5289647441180609,0.005441742214715799,0.0,2019-01-29
0.24974245126859151,0.02851399209518973,-0.02851399209518973,2019-01-30
0.34666210974710976,0.01211102208234905,-0.01211102208234905,2019-01-31
0.17982450903526237,0.005879178340937925,-0.005879178340937925,2019-02-01
0.6900852663494838,0.0030232587046642085,0.0030232587046642085,2019-02-04
0.12908693485621325,0.002577432841918158,-0.002577432841918158,2019-02-05
0.9163114243787536,0.019515928102669892,0.019515928102669892,2019-02-06
0.7400395177947471,0.012144493467635131,0.012144493467635131,2019-02-07
0.1515885600967487,0.008745281067195122,-0.008745281067195122,2019-02-08
0.9841241422155874,0.010961848075106192,0.010961848075106192,2019-02-12
0.7457853421625794,0.026643730235316434,0.026643730235316434,2019-02-13
0.7084984598152475,0.016564354039388975,0.016564354039388975,2019-02-14
0.30675456896685094,0.015449307974284726,-0.015449307974284726,2019-02-15
0.8688459438329782,0.016721035951697313,0.016721035951697313,2019-02-18
0.8292334927599317,0.019443488429525948,0.019443488429525948,2019-02-19
0.8006837403922816,0.04405720924241509,0.04405720924241509,2019-02-20
0.9079586907474225,0.023870913193375448,0.023870913193375448,2019-02-21
0.6462060553577705,0.009490942532272674,0.009490942532272674,2019-02-22
0.6747269506318098,0.00878911683695014,0.00878911683695014,2019-02-25
0.9416355794465507,0.019070823851962473,0.019070823851962473,2019-02-26
0.9591778590206864,0.007043812040496425,0.007043812040496425,2019-02-27
0.24669687012871,0.01227059068948642,-0.01227059068948642,2019-02-28
0.8470511622985508,0.011378531316810886,0.011378531316810886,2019-03-01
0.6117803936347239,0.011064810330183278,0.011064810330183278,2019-03-04
0.7382011879155059,0.0027488684330857086,0.0027488684330857086,2019-03-05
0.5021529156539907,0.002745160668102421,0.0,2019-03-06
0.8087289938053565,0.01959230872810315,0.01959230872810315,2019-03-07
0.5786379710749741,0.031376187368213224,0.0,2019-03-08
0.1989857688485368,0.004147691289846384,-0.004147691289846384,2019-03-11
0.9561653560273558,0.027385043372843938,0.027385043372843938,2019-03-12
0.19342709535513392,0.009602684647585522,-0.009602684647585522,2019-03-13
0.6971434369047308,0.014641009553199058,-0.014641009553199058,2019-03-14
0.5752320641601789,0.004200957579134602,0.0,2019-03-15
0.6421959840295437,0.026155294024490815,0.026155294024490815,2019-03-18
0.6354456734496365,0.0010276895839576529,0.0010276895839576529,2019-03-19
0.444123453412286,0.02812344042887532,0.0,2019-03-20
0.7148710419695632,0.015229377772639116,0.015229377772639116,2019-03-22
0.06518437085462725,0.03602797172557599,-0.03602797172557599,2019-03-25
0.991958913651603,0.05743234311129919,0.05743234311129919,2019-03-26
0.004921873670679866,0.001951140392115682,-0.001951140392115682,2019-03-27
0.8852022001050178,0.021994472382051287,0.021994472382051287,2019-03-28
0.9899157446082684,0.005924044346869319,0.005924044346869319,2019-03-29
0.9895764038449255,0.013692395726488142,0.013692395726488142,2019-04-01
0.8924669780070821,0.016634819012799618,0.016634819012799618,2019-04-02
0.44043894179007737,0.004369541653244012,0.0,2019-04-03
0.20517880433943503,0.015438342321263102,-0.015438342321263102,2019-04-04
0.9031815456513386,0.0068253750635333885,0.0068253750635333885,2019-04-05
0.7837914621724982,0.021718456846634964,-0.021718456846634964,2019-04-08
0.4952763070076237,0.0076081871140317,0.0,2019-04-09
0.3489408487345783,0.01168382802234598,-0.01168382802234598,2019-04-10
0.09027426468782251,0.0006815144392436368,-0.0006815144392436368,2019-04-11
0.8241461245409838,0.004618856771623389,0.004618856771623389,2019-04-12
0.38088103784200666,0.002137573933857488,-0.002137573933857488,2019-04-15
0.0689505333715863,0.009903273694639373,-0.009903273694639373,2019-04-16
0.07228814494628188,0.0004103822759331055,-0.0004103822759331055,2019-04-17
0.6629971649850831,0.013078746249976837,0.013078746249976837,2019-04-18
0.0312781329716445,0.01786321568143574,-0.01786321568143574,2019-04-19
0.07061834066265582,0.011337747915977442,-0.011337747915977442,2019-04-22
0.06287645101928696,0.008973986808567279,-0.008973986808567279,2019-04-23
0.5622449923248103,0.01061977961259447,0.0,2019-04-24
0.20716060690974636,0.006664389932602651,-0.006664389932602651,2019-04-25
0.612396667406765,0.019813377099744883,-0.019813377099744883,2019-04-26
0.4752324666849045,0.02950769754679446,0.0,2019-04-30
0.6257086602217657,0.0024505149236047365,0.0024505149236047365,2019-05-01
0.6054308451620649,0.00613256569180756,0.00613256569180756,2019-05-02
0.02803520376481916,0.013801381202399812,-0.013801381202399812,2019-05-07
