Code,Date,Volume,Open,Close,High,Low,Open_MA_5,Open_MA_25,Open_MA_75
2120,2016-07-21,485800.0,998.0,1010.0,1019.0,993.0,963.4,944.84,1109.36
2120,2016-07-22,520400.0,986.0,1003.0,1012.0,981.0,967.6,944.36,1103.8
2120,2016-07-25,532700.0,1011.0,991.0,1016.0,985.0,983.2,945.76,1100.0133333333333
2120,2016-07-26,552300.0,976.0,959.0,985.0,946.0,988.8,947.04,1095.84
2120,2016-07-27,437000.0,968.0,988.0,993.0,960.0,987.8,947.76,1092.8666666666666
2120,2016-07-28,322700.0,960.0,951.0,968.0,948.0,980.2,949.16,1089.9333333333334
2120,2016-07-29,467200.0,941.0,1001.0,1005.0,938.0,971.2,949.88,1086.8133333333333
2120,2016-08-01,253900.0,965.0,976.0,989.0,963.0,962.0,951.72,1083.44
2120,2016-08-02,235000.0,968.0,965.0,980.0,963.0,960.4,955.48,1080.48
2120,2016-08-03,528500.0,944.0,931.0,949.0,918.0,955.6,958.04,1077.4533333333334
2120,2016-08-04,436100.0,928.0,935.0,951.0,917.0,949.2,958.36,1073.92
2120,2016-08-05,925500.0,947.0,967.0,1032.0,941.0,950.4,958.24,1070.6266666666668
2120,2016-08-08,424400.0,982.0,969.0,995.0,946.0,953.8,961.2,1068.3466666666666
2120,2016-08-09,344100.0,962.0,999.0,999.0,960.0,952.6,960.64,1065.24
2120,2016-08-10,529800.0,999.0,1020.0,1042.0,999.0,963.6,959.4,1061.9866666666667
2120,2016-08-12,1389600.0,1045.0,989.0,1078.0,983.0,987.0,962.56,1058.6
2120,2016-08-15,758000.0,974.0,930.0,976.0,927.0,992.4,963.6,1054.3866666666668
2120,2016-08-16,509000.0,933.0,917.0,935.0,907.0,982.6,964.76,1049.2266666666667
2120,2016-08-17,973600.0,902.0,852.0,909.0,848.0,970.6,964.56,1044.8
2120,2016-08-18,2018200.0,830.0,791.0,832.0,785.0,936.8,960.56,1039.5733333333333
2120,2016-08-19,1070600.0,799.0,774.0,810.0,761.0,887.6,953.48,1033.2266666666667
2120,2016-08-22,878900.0,789.0,783.0,798.0,777.0,850.6,946.44,1028.2133333333334
2120,2016-08-23,1361300.0,780.0,747.0,782.0,718.0,820.0,940.32,1022.5066666666668
2120,2016-08-24,1352700.0,761.0,722.0,761.0,710.0,791.8,932.84,1016.2266666666667
2120,2016-08-25,968300.0,736.0,760.0,777.0,733.0,773.0,923.36,1009.44
2120,2016-08-26,1008600.0,749.0,720.0,752.0,713.0,763.0,913.4,1002.56
2120,2016-08-29,761900.0,735.0,722.0,745.0,715.0,752.2,903.36,995.5333333333333
2120,2016-08-30,900000.0,722.0,720.0,736.0,716.0,740.6,891.8,989.5466666666665
2120,2016-08-31,1454700.0,725.0,712.0,727.0,698.0,733.4,881.76,982.1333333333333
2120,2016-09-01,1237900.0,725.0,726.0,732.0,719.0,731.2,872.04,974.1866666666666
2120,2016-09-02,833100.0,725.0,721.0,750.0,721.0,726.4,862.64,966.3733333333333
2120,2016-09-05,399200.0,725.0,720.0,730.0,716.0,724.4,854.0,959.6
2120,2016-09-06,691900.0,728.0,745.0,747.0,723.0,725.6,844.52,953.0133333333333
2120,2016-09-07,1211400.0,755.0,774.0,788.0,751.0,731.6,836.0,946.2266666666667
2120,2016-09-08,758100.0,769.0,764.0,776.0,757.0,740.4,829.0,939.7333333333332
2120,2016-09-09,540200.0,765.0,761.0,772.0,757.0,748.4,822.48,933.7333333333332
2120,2016-09-12,531800.0,739.0,741.0,756.0,733.0,751.2,814.16,928.32
2120,2016-09-13,515100.0,746.0,746.0,760.0,738.0,754.8,804.72,923.4
2120,2016-09-14,1377900.0,751.0,750.0,785.0,748.0,754.0,796.28,918.4933333333332
2120,2016-09-15,659800.0,740.0,734.0,743.0,721.0,748.2,785.92,913.1733333333333
2120,2016-09-16,354100.0,734.0,732.0,736.0,721.0,742.0,773.48,907.8933333333333
2120,2016-09-20,736600.0,741.0,751.0,759.0,720.0,742.4,764.16,903.04
2120,2016-09-21,963100.0,742.0,736.0,744.0,712.0,741.6,756.52,898.5733333333334
2120,2016-09-23,821300.0,736.0,767.0,773.0,736.0,738.6,749.88,893.8266666666667
2120,2016-09-26,1249800.0,763.0,806.0,813.0,760.0,743.2,747.2,889.4666666666667
2120,2016-09-27,893800.0,800.0,822.0,828.0,790.0,756.4,747.24,885.8933333333333
2120,2016-09-28,1403200.0,822.0,865.0,873.0,820.0,772.6,748.56,882.9733333333335
2120,2016-09-29,977500.0,877.0,851.0,877.0,847.0,799.6,752.44,880.4933333333332
2120,2016-09-30,456400.0,836.0,823.0,848.0,822.0,819.6,755.44,877.72
2120,2016-10-03,433600.0,827.0,848.0,853.0,822.0,832.4,759.08,875.32
2120,2016-10-04,472300.0,843.0,826.0,846.0,823.0,841.0,762.84,873.6933333333334
2120,2016-10-05,391400.0,826.0,826.0,834.0,822.0,841.8,766.48,871.4
2120,2016-10-06,431200.0,828.0,828.0,832.0,821.0,832.0,770.72,869.4266666666666
2120,2016-10-07,457100.0,821.0,831.0,832.0,809.0,829.0,774.56,867.7866666666665
2120,2016-10-11,335500.0,821.0,818.0,830.0,815.0,827.8,778.4,866.0666666666667
2120,2016-10-12,540700.0,808.0,829.0,839.0,804.0,820.8,781.72,864.5066666666668
2120,2016-10-13,349700.0,840.0,828.0,843.0,817.0,823.6,786.32,863.4
2120,2016-10-14,359800.0,831.0,843.0,844.0,827.0,824.2,790.44,862.2266666666667
2120,2016-10-17,500200.0,839.0,840.0,840.0,817.0,827.8,793.8,861.76
2120,2016-10-18,397600.0,841.0,843.0,851.0,836.0,831.8,796.68,861.24
2120,2016-10-19,430600.0,840.0,844.0,847.0,833.0,838.2,799.68,860.1733333333333
2120,2016-10-20,627200.0,855.0,876.0,887.0,854.0,841.2,804.32,858.9066666666665
2120,2016-10-21,878000.0,878.0,910.0,914.0,874.0,850.6,809.6,858.5066666666668
2120,2016-10-24,1013600.0,925.0,928.0,946.0,911.0,867.8,816.56,857.8266666666667
2120,2016-10-25,587100.0,930.0,921.0,930.0,901.0,885.6,824.16,856.4933333333332
2120,2016-10-26,347200.0,921.0,923.0,932.0,916.0,901.8,831.64,855.8933333333333
2120,2016-10-27,582500.0,923.0,904.0,923.0,893.0,915.4,838.92,855.56
2120,2016-10-28,1181200.0,890.0,888.0,895.0,854.0,917.8,844.84,855.3733333333333
2120,2016-10-31,509700.0,883.0,884.0,889.0,877.0,909.4,850.72,855.0533333333333
2120,2016-11-01,441800.0,884.0,874.0,888.0,863.0,900.2,855.56,854.44
2120,2016-11-02,448100.0,860.0,844.0,869.0,838.0,888.0,857.96,852.8933333333333
2120,2016-11-04,503100.0,829.0,853.0,859.0,824.0,869.2,858.24,851.08
2120,2016-11-07,474600.0,854.0,883.0,888.0,849.0,862.0,857.32,850.0266666666665
2120,2016-11-08,383300.0,877.0,883.0,902.0,877.0,860.8,858.96,849.08
2120,2016-11-09,804700.0,880.0,827.0,882.0,794.0,860.0,861.08,847.84
2120,2016-11-10,529100.0,880.0,888.0,889.0,858.0,864.0,862.56,846.2666666666668
2120,2016-11-11,2175000.0,903.0,773.0,942.0,769.0,878.8,865.64,845.16
2120,2016-11-14,860700.0,773.0,794.0,795.0,760.0,862.6,863.44,841.9866666666667
2120,2016-11-15,1213700.0,791.0,761.0,794.0,748.0,845.4,862.24,839.52
2120,2016-11-16,1074600.0,770.0,788.0,792.0,762.0,823.4,860.2,836.88
2120,2016-11-17,1064400.0,782.0,802.0,809.0,782.0,803.8,859.16,834.5066666666668
2120,2016-11-18,1425600.0,816.0,853.0,861.0,815.0,786.4,858.2,832.84
2120,2016-11-21,966400.0,860.0,827.0,861.0,815.0,803.8,859.36,831.44
2120,2016-11-22,502900.0,830.0,830.0,837.0,815.0,811.6,859.0,829.6
2120,2016-11-24,549000.0,830.0,829.0,833.0,815.0,823.6,858.56,828.08
2120,2016-11-25,636300.0,820.0,814.0,828.0,802.0,831.2,857.76,826.64
2120,2016-11-28,503600.0,805.0,821.0,822.0,785.0,829.0,855.76,824.7466666666667
2120,2016-11-29,344800.0,806.0,807.0,814.0,803.0,818.2,852.88,822.4
2120,2016-11-30,274100.0,800.0,801.0,807.0,798.0,812.2,847.88,820.24
2120,2016-12-01,1347800.0,805.0,779.0,810.0,774.0,807.2,842.88,817.6533333333333
2120,2016-12-02,1066500.0,768.0,764.0,768.0,753.0,796.8,836.76,813.96
2120,2016-12-05,1021800.0,750.0,738.0,751.0,731.0,785.8,829.84,810.9733333333335
2120,2016-12-06,996100.0,737.0,724.0,739.0,721.0,772.0,823.72,808.36
2120,2016-12-07,787200.0,724.0,735.0,738.0,718.0,756.8,817.36,805.9866666666667
2120,2016-12-08,956200.0,744.0,751.0,757.0,733.0,744.6,811.76,804.84
2120,2016-12-09,1642100.0,760.0,784.0,791.0,751.0,743.0,807.76,804.32
2120,2016-12-12,1133400.0,788.0,800.0,802.0,783.0,750.6,806.12,804.3066666666666
2120,2016-12-13,850400.0,797.0,798.0,812.0,787.0,762.6,803.84,804.5333333333333
2120,2016-12-14,500200.0,800.0,792.0,808.0,791.0,777.8,800.76,805.0533333333333
2120,2016-12-15,549800.0,790.0,779.0,794.0,775.0,787.0,797.16,805.7733333333333
2120,2016-12-16,659900.0,784.0,781.0,806.0,776.0,791.8,793.32,806.24
2120,2016-12-19,507300.0,781.0,780.0,792.0,774.0,790.4,788.44,806.8533333333335
2120,2016-12-20,546800.0,774.0,773.0,777.0,767.0,785.8,788.48,807.5466666666665
2120,2016-12-21,827100.0,778.0,761.0,783.0,759.0,781.4,787.96,808.2533333333333
2120,2016-12-22,614300.0,755.0,764.0,772.0,751.0,774.4,787.36,808.6533333333333
2120,2016-12-26,690200.0,764.0,754.0,770.0,751.0,770.4,786.64,809.1733333333333
2120,2016-12-27,584400.0,758.0,785.0,786.0,757.0,765.8,784.32,809.6133333333332
2120,2016-12-28,647300.0,790.0,799.0,808.0,784.0,769.0,781.52,810.44
2120,2016-12-29,581600.0,800.0,790.0,802.0,781.0,773.4,780.32,811.04
2120,2016-12-30,376500.0,783.0,792.0,797.0,775.0,779.0,778.44,811.2266666666667
2120,2017-01-04,813100.0,786.0,794.0,803.0,783.0,783.4,777.08,811.5066666666668
2120,2017-01-05,1276900.0,799.0,823.0,828.0,797.0,791.6,776.84,812.3066666666666
2120,2017-01-06,1420800.0,821.0,849.0,863.0,821.0,797.8,777.44,813.3066666666666
2120,2017-01-10,737400.0,855.0,842.0,861.0,837.0,808.8,779.64,814.6933333333334
2120,2017-01-11,634200.0,840.0,810.0,843.0,808.0,820.2,781.04,816.0266666666665
2120,2017-01-12,356900.0,813.0,810.0,823.0,802.0,825.6,782.84,817.08
2120,2017-01-13,512700.0,803.0,814.0,817.0,803.0,826.4,784.96,817.9066666666665
2120,2017-01-16,382800.0,822.0,810.0,826.0,804.0,826.6,788.36,818.9733333333335
2120,2017-01-17,391100.0,815.0,804.0,815.0,801.0,818.6,792.0,820.0266666666665
2120,2017-01-18,414200.0,799.0,803.0,808.0,789.0,810.4,794.2,820.5066666666668
2120,2017-01-19,325700.0,811.0,808.0,820.0,804.0,810.0,796.24,820.6533333333333
2120,2017-01-20,573800.0,805.0,805.0,814.0,799.0,810.4,796.92,820.4266666666666
2120,2017-01-23,524800.0,805.0,803.0,813.0,800.0,807.0,797.24,819.4666666666667
2120,2017-01-24,624300.0,800.0,794.0,810.0,789.0,804.0,797.24,818.9866666666667
2120,2017-01-25,508800.0,808.0,806.0,817.0,800.0,805.8,797.96,818.7333333333332
2120,2017-01-26,585400.0,816.0,820.0,826.0,809.0,806.8,799.24,818.3733333333333
2120,2017-01-27,837600.0,822.0,792.0,822.0,790.0,810.2,800.88,818.32
2120,2017-01-30,925800.0,792.0,771.0,793.0,766.0,807.6,801.6,817.84
2120,2017-01-31,1078000.0,762.0,763.0,764.0,750.0,800.0,800.96,817.0533333333333
2120,2017-02-01,492700.0,754.0,774.0,774.0,754.0,789.2,800.92,816.16
2120,2017-02-02,473700.0,780.0,765.0,780.0,763.0,782.0,801.56,815.7866666666665
2120,2017-02-03,369400.0,764.0,769.0,779.0,756.0,770.4,801.8,814.7733333333333
2120,2017-02-06,398000.0,777.0,779.0,782.0,766.0,767.4,801.28,814.0533333333333
2120,2017-02-07,377800.0,773.0,760.0,773.0,759.0,769.6,800.2,813.1733333333333
2120,2017-02-08,681700.0,761.0,782.0,782.0,756.0,771.0,799.32,812.1066666666667
2120,2017-02-09,706900.0,771.0,766.0,784.0,763.0,769.2,798.72,811.1866666666666
2120,2017-02-10,721000.0,777.0,770.0,777.0,760.0,771.8,797.84,810.1466666666665
2120,2017-02-13,997700.0,780.0,802.0,807.0,776.0,772.4,796.2,808.84
2120,2017-02-14,3063300.0,751.0,724.0,757.0,721.0,768.0,792.04,806.52
2120,2017-02-15,720900.0,727.0,725.0,734.0,724.0,761.2,787.52,803.8133333333334
2120,2017-02-16,1973800.0,725.0,724.0,732.0,703.0,752.0,784.0,801.2
2120,2017-02-17,848300.0,722.0,728.0,731.0,717.0,741.0,780.76,798.52
2120,2017-02-20,599800.0,728.0,738.0,739.0,727.0,730.6,777.0,796.36
2120,2017-02-21,706000.0,738.0,739.0,739.0,729.0,728.0,773.92,794.4266666666666
2120,2017-02-22,424300.0,743.0,739.0,748.0,735.0,731.2,771.68,792.5466666666665
2120,2017-02-23,1163100.0,740.0,767.0,767.0,739.0,734.2,768.84,790.9466666666667
2120,2017-02-24,1218900.0,794.0,764.0,798.0,755.0,748.6,768.4,790.48
2120,2017-02-27,799100.0,756.0,743.0,758.0,734.0,754.2,766.44,789.1733333333333
2120,2017-02-28,831500.0,748.0,737.0,753.0,735.0,756.2,764.36,787.4533333333335
2120,2017-03-01,891000.0,735.0,745.0,747.0,732.0,754.6,761.44,785.52
2120,2017-03-02,793600.0,750.0,738.0,752.0,735.0,756.6,758.8,783.7866666666665
2120,2017-03-03,598500.0,737.0,730.0,738.0,726.0,745.2,755.4,781.5733333333334
2120,2017-03-06,461400.0,730.0,733.0,734.0,727.0,740.0,752.92,781.0
2120,2017-03-07,407100.0,733.0,733.0,739.0,729.0,737.0,751.76,780.2266666666667
2120,2017-03-08,804700.0,730.0,733.0,742.0,727.0,736.0,750.8,779.6933333333334
2120,2017-03-09,436500.0,740.0,733.0,742.0,731.0,734.0,749.2,779.1333333333333
2120,2017-03-10,1157000.0,746.0,764.0,764.0,737.0,735.8,748.48,778.2
2120,2017-03-13,608100.0,760.0,752.0,761.0,748.0,741.8,747.8,776.8666666666667
2120,2017-03-14,339000.0,751.0,751.0,755.0,744.0,745.4,746.92,775.8133333333334
2120,2017-03-15,481400.0,748.0,742.0,749.0,739.0,749.0,746.4,774.72
2120,2017-03-16,611600.0,740.0,750.0,750.0,733.0,749.0,745.16,773.6533333333333
2120,2017-03-17,570800.0,746.0,745.0,752.0,737.0,749.0,743.92,772.8666666666667
2120,2017-03-21,1013000.0,743.0,768.0,768.0,741.0,745.6,742.44,772.0266666666665
2120,2017-03-22,549900.0,744.0,742.0,755.0,742.0,744.2,742.16,771.28
2120,2017-03-23,563100.0,746.0,759.0,766.0,743.0,743.8,742.92,770.4933333333332
2120,2017-03-24,999000.0,766.0,786.0,787.0,758.0,749.0,744.56,770.4666666666667
2120,2017-03-27,667200.0,771.0,757.0,779.0,753.0,754.0,746.52,770.7466666666667
2120,2017-03-28,629900.0,759.0,755.0,765.0,748.0,757.2,747.76,771.04
2120,2017-03-29,557000.0,753.0,774.0,776.0,753.0,759.0,748.36,771.4266666666666
2120,2017-03-30,672600.0,780.0,765.0,790.0,760.0,765.8,749.84,771.9066666666665
2120,2017-03-31,480100.0,765.0,755.0,769.0,754.0,765.6,750.84,771.9733333333335
2120,2017-04-03,393500.0,761.0,773.0,776.0,753.0,763.6,749.52,771.6133333333332
2120,2017-04-04,671300.0,770.0,771.0,784.0,762.0,765.8,750.08,771.2533333333333
2120,2017-04-05,869100.0,782.0,771.0,797.0,766.0,771.6,751.44,771.0133333333333
2120,2017-04-06,672400.0,761.0,740.0,763.0,733.0,767.8,752.48,770.6266666666667
2120,2017-04-07,703400.0,745.0,743.0,756.0,727.0,763.8,752.28,770.1066666666667
2120,2017-04-10,363000.0,739.0,740.0,750.0,738.0,759.4,752.36,769.5466666666665
2120,2017-04-11,344300.0,740.0,741.0,752.0,737.0,753.4,752.76,769.0933333333335
2120,2017-04-12,670500.0,730.0,712.0,739.0,701.0,743.0,752.64,768.4533333333335
2120,2017-04-13,601900.0,700.0,715.0,718.0,696.0,730.8,751.44,767.72
2120,2017-04-14,371000.0,715.0,703.0,720.0,701.0,724.8,750.44,767.0666666666667
2120,2017-04-17,487600.0,700.0,724.0,728.0,700.0,717.0,748.6,766.2933333333333
2120,2017-04-18,561600.0,737.0,744.0,751.0,736.0,716.4,747.68,765.5866666666667
2120,2017-04-19,473300.0,735.0,736.0,753.0,733.0,717.4,747.04,764.72
2120,2017-04-20,359000.0,744.0,748.0,750.0,735.0,726.2,746.88,764.2
2120,2017-04-21,440700.0,752.0,744.0,753.0,738.0,733.6,747.36,763.7466666666667
2120,2017-04-24,1177200.0,729.0,763.0,771.0,729.0,739.4,746.68,762.8133333333334
2120,2017-04-25,484000.0,769.0,769.0,774.0,763.0,745.8,747.72,762.12
2120,2017-04-26,724400.0,777.0,774.0,790.0,772.0,754.2,749.04,761.08
2120,2017-04-27,501300.0,770.0,774.0,777.0,760.0,759.4,750.0,760.1466666666665
2120,2017-04-28,632600.0,778.0,782.0,789.0,776.0,764.6,750.48,759.68
2120,2017-05-01,360100.0,780.0,782.0,784.0,769.0,774.8,750.84,759.3733333333333
2120,2017-05-02,399800.0,782.0,789.0,794.0,781.0,777.4,751.76,758.84
2120,2017-05-08,709700.0,795.0,796.0,810.0,792.0,781.0,753.44,758.5733333333334
2120,2017-05-09,572300.0,802.0,794.0,807.0,792.0,787.4,754.32,758.6133333333332
2120,2017-05-10,964000.0,797.0,796.0,805.0,788.0,791.2,755.6,758.4266666666666
2120,2017-05-11,755000.0,798.0,795.0,812.0,794.0,794.8,757.08,758.3333333333335
2120,2017-05-12,820000.0,792.0,775.0,794.0,768.0,796.8,757.96,758.16
2120,2017-05-15,1064800.0,770.0,773.0,783.0,762.0,791.8,757.48,757.76
2120,2017-05-16,821700.0,782.0,794.0,803.0,778.0,787.8,758.32,757.4133333333333
2120,2017-05-17,1307800.0,794.0,808.0,821.0,784.0,787.2,760.28,757.12
2120,2017-05-18,441300.0,785.0,796.0,800.0,785.0,784.6,762.12,756.6266666666667
2120,2017-05-19,368300.0,795.0,792.0,810.0,792.0,785.2,764.32,756.6666666666665
2120,2017-05-22,275400.0,795.0,804.0,807.0,794.0,790.2,766.92,757.1066666666667
2120,2017-05-23,538800.0,812.0,802.0,817.0,800.0,796.2,771.4,757.88
2120,2017-05-24,2688400.0,780.0,740.0,784.0,738.0,793.4,774.0,757.88
2120,2017-05-25,956300.0,744.0,729.0,746.0,726.0,785.2,775.76,757.6133333333332
2120,2017-05-26,1276300.0,726.0,716.0,727.0,707.0,771.4,775.32,756.9333333333333
2120,2017-05-29,742200.0,716.0,704.0,718.0,704.0,755.6,774.56,756.1733333333333
2120,2017-05-30,837900.0,708.0,715.0,716.0,701.0,734.8,773.12,755.4666666666667
2120,2017-05-31,562900.0,711.0,706.0,715.0,703.0,721.0,771.48,754.6666666666665
2120,2017-06-01,691300.0,708.0,720.0,722.0,705.0,713.8,770.64,753.7466666666667
2120,2017-06-02,573500.0,730.0,723.0,733.0,717.0,714.6,769.08,753.08
2120,2017-06-05,648100.0,722.0,717.0,724.0,712.0,715.8,766.88,752.6933333333334
2120,2017-06-06,706900.0,717.0,714.0,720.0,705.0,717.6,764.76,752.56
2120,2017-06-07,698700.0,706.0,729.0,731.0,706.0,716.6,761.88,752.3066666666666
2120,2017-06-08,424700.0,731.0,723.0,733.0,723.0,721.2,759.92,752.4266666666666
2120,2017-06-09,425900.0,722.0,723.0,731.0,717.0,719.6,757.52,752.3466666666667
2120,2017-06-12,729700.0,723.0,728.0,733.0,719.0,719.8,754.64,752.1466666666665
2120,2017-06-13,630400.0,729.0,738.0,747.0,729.0,722.2,751.72,751.96
2120,2017-06-14,468200.0,746.0,741.0,750.0,739.0,730.2,749.68,752.04
2120,2017-06-15,497200.0,738.0,749.0,754.0,735.0,731.6,747.28,751.2933333333333
2120,2017-06-16,648900.0,751.0,749.0,760.0,740.0,737.4,745.64,751.2266666666667
2120,2017-06-19,2606700.0,763.0,811.0,812.0,762.0,745.4,745.36,751.4266666666666
2120,2017-06-20,1530600.0,820.0,807.0,837.0,788.0,763.6,746.88,752.56
2120,2017-06-21,1487300.0,803.0,829.0,843.0,801.0,775.0,747.24,753.2666666666668
2120,2017-06-22,3052400.0,830.0,867.0,956.0,830.0,793.4,749.04,754.5066666666668
2120,2017-06-23,3141700.0,876.0,897.0,936.0,875.0,818.4,752.28,756.4533333333335
2120,2017-06-26,1582300.0,912.0,904.0,930.0,891.0,848.2,756.96,758.84
2120,2017-06-27,1162500.0,906.0,932.0,935.0,889.0,865.4,760.72,761.1866666666666
2120,2017-06-28,1300300.0,928.0,945.0,956.0,922.0,890.4,766.64,763.6933333333334
2120,2017-06-29,862900.0,955.0,975.0,978.0,939.0,915.4,775.08,766.48
2120,2017-06-30,914500.0,960.0,985.0,987.0,956.0,932.2,784.44,769.1466666666665
2120,2017-07-03,1404200.0,993.0,943.0,996.0,939.0,948.4,795.52,772.3733333333333
2120,2017-07-04,1069600.0,957.0,938.0,970.0,926.0,958.6,805.48,775.16
2120,2017-07-05,613400.0,938.0,950.0,955.0,927.0,960.6,814.56,777.8
2120,2017-07-06,307400.0,950.0,945.0,956.0,941.0,959.6,824.24,780.52
2120,2017-07-07,539700.0,930.0,935.0,945.0,923.0,953.6,832.24,783.0133333333333
2120,2017-07-10,561700.0,935.0,940.0,944.0,914.0,942.0,840.76,785.56
2120,2017-07-11,435700.0,943.0,937.0,951.0,928.0,939.2,849.8,788.1866666666666
2120,2017-07-12,431200.0,932.0,936.0,940.0,921.0,938.0,858.84,790.4
2120,2017-07-13,576300.0,944.0,942.0,958.0,938.0,936.8,867.36,792.7066666666667
2120,2017-07-14,458400.0,937.0,937.0,946.0,931.0,938.2,875.96,795.08
2120,2017-07-18,595500.0,931.0,921.0,935.0,907.0,937.4,884.28,797.4533333333335
2120,2017-07-19,1072300.0,908.0,897.0,911.0,884.0,930.4,891.44,799.16
2120,2017-07-20,629300.0,903.0,897.0,914.0,893.0,924.6,897.72,801.0
2120,2017-07-21,459700.0,893.0,899.0,912.0,889.0,914.4,903.92,802.76
2120,2017-07-24,441400.0,895.0,909.0,911.0,886.0,906.0,909.68,804.4266666666666
2120,2017-07-25,588000.0,912.0,890.0,913.0,878.0,902.2,915.64,806.16
2120,2017-07-26,304800.0,888.0,895.0,900.0,884.0,898.2,918.36,807.8533333333335
2120,2017-07-27,404600.0,893.0,900.0,910.0,893.0,896.2,921.96,809.8266666666667
2120,2017-07-28,592000.0,888.0,865.0,892.0,862.0,895.2,924.28,811.8133333333334
2120,2017-07-31,684200.0,862.0,881.0,886.0,860.0,888.6,923.72,813.44
2120,2017-08-01,303100.0,878.0,874.0,884.0,865.0,881.8,922.36,815.4133333333333
2120,2017-08-02,594200.0,875.0,893.0,906.0,872.0,879.2,921.12,817.7466666666667
2120,2017-08-03,455000.0,891.0,867.0,892.0,864.0,878.8,919.64,820.0933333333335
2120,2017-08-04,275900.0,869.0,885.0,892.0,868.0,875.0,916.2,822.3466666666667
2120,2017-08-07,320500.0,890.0,891.0,898.0,881.0,880.6,913.4,824.3866666666668
2120,2017-08-08,586700.0,894.0,925.0,925.0,891.0,883.8,909.44,826.5066666666668
2120,2017-08-09,566400.0,927.0,911.0,941.0,907.0,894.2,908.24,828.9466666666667
2120,2017-08-10,1309000.0,836.0,832.0,845.0,820.0,883.2,904.16,830.0666666666667
2120,2017-08-14,699900.0,817.0,815.0,833.0,810.0,872.8,898.84,831.24
2120,2017-08-15,1162300.0,809.0,798.0,812.0,777.0,856.6,894.0,831.7733333333333
2120,2017-08-16,418600.0,813.0,807.0,817.0,799.0,840.4,889.12,832.2533333333333
2120,2017-08-17,457600.0,805.0,825.0,826.0,799.0,816.0,883.6,832.72
2120,2017-08-18,501200.0,803.0,808.0,819.0,802.0,809.4,878.44,833.0533333333333
2120,2017-08-21,310200.0,812.0,819.0,823.0,808.0,808.4,873.16,833.48
2120,2017-08-22,394500.0,825.0,844.0,846.0,822.0,811.6,868.68,834.0533333333333
2120,2017-08-23,455300.0,850.0,870.0,877.0,849.0,819.0,865.44,834.7866666666665
2120,2017-08-24,850300.0,897.0,849.0,909.0,847.0,837.4,865.0,836.0533333333333
2120,2017-08-25,369200.0,854.0,847.0,867.0,846.0,847.6,863.04,836.8133333333334
2120,2017-08-28,360200.0,852.0,869.0,872.0,851.0,855.6,861.4,837.5333333333333
2120,2017-08-29,455000.0,873.0,889.0,890.0,857.0,865.2,860.52,838.6133333333332
2120,2017-08-30,799500.0,900.0,926.0,928.0,890.0,875.2,860.04,840.3466666666667
2120,2017-08-31,546100.0,922.0,908.0,925.0,901.0,880.2,861.4,842.2133333333335
2120,2017-09-01,478100.0,912.0,909.0,917.0,904.0,891.8,862.16,843.7866666666665
2120,2017-09-04,322200.0,916.0,898.0,920.0,891.0,904.6,863.28,845.5333333333333
2120,2017-09-05,422800.0,898.0,876.0,899.0,869.0,909.6,864.72,846.9066666666665
2120,2017-09-06,412800.0,861.0,866.0,873.0,842.0,901.8,864.04,847.7866666666665
2120,2017-09-07,363300.0,873.0,879.0,882.0,866.0,892.0,863.96,848.6
2120,2017-09-08,382900.0,876.0,882.0,889.0,872.0,884.8,863.36,849.88
2120,2017-09-11,256400.0,891.0,893.0,902.0,890.0,879.8,864.24,851.84
2120,2017-09-12,370500.0,905.0,908.0,911.0,893.0,881.2,864.84,854.2266666666667
2120,2017-09-13,386100.0,904.0,908.0,918.0,890.0,889.8,865.24,856.7333333333332
2120,2017-09-14,392700.0,910.0,924.0,928.0,910.0,897.2,864.56,859.4266666666666
2120,2017-09-15,226200.0,918.0,924.0,926.0,907.0,905.6,867.84,862.1866666666666
2120,2017-09-19,529300.0,936.0,949.0,955.0,933.0,914.6,872.6,865.2266666666667
2120,2017-09-20,323500.0,942.0,949.0,953.0,935.0,922.0,877.92,868.0533333333333
2120,2017-09-21,408700.0,955.0,957.0,967.0,947.0,932.2,883.6,871.16
2120,2017-09-22,336600.0,956.0,946.0,957.0,942.0,941.4,889.64,874.3466666666667
2120,2017-09-25,364100.0,958.0,955.0,967.0,950.0,949.4,895.84,877.7066666666667
2120,2017-09-26,354700.0,950.0,942.0,952.0,937.0,952.2,901.36,880.6266666666667
2120,2017-09-27,332000.0,937.0,934.0,940.0,923.0,951.2,905.84,883.4933333333332
2120,2017-09-28,411000.0,949.0,953.0,954.0,925.0,950.0,909.8,886.5066666666668
2120,2017-09-29,448200.0,960.0,978.0,979.0,951.0,950.8,912.32,889.5866666666667
2120,2017-10-02,424600.0,989.0,978.0,991.0,972.0,957.0,917.72,892.8266666666667
2120,2017-10-03,557900.0,991.0,986.0,1005.0,977.0,965.2,923.28,896.2
2120,2017-10-04,395000.0,993.0,985.0,1004.0,981.0,976.4,928.08,899.4266666666666
2120,2017-10-05,345100.0,985.0,975.0,985.0,970.0,983.6,931.48,902.3866666666668
2120,2017-10-06,336900.0,975.0,964.0,978.0,963.0,986.6,933.6,904.4533333333335
2120,2017-10-10,762900.0,975.0,975.0,992.0,964.0,983.8,936.12,906.7466666666667
2120,2017-10-11,592200.0,978.0,976.0,990.0,971.0,981.2,938.6,908.72
2120,2017-10-12,817800.0,984.0,975.0,1002.0,972.0,979.4,942.04,910.16
2120,2017-10-13,1295200.0,970.0,966.0,978.0,952.0,976.4,946.4,910.9333333333333
2120,2017-10-16,635800.0,961.0,945.0,962.0,944.0,973.6,949.92,911.6666666666665
2120,2017-10-17,730900.0,940.0,920.0,942.0,916.0,966.6,952.48,911.8266666666667
2120,2017-10-18,580600.0,927.0,915.0,927.0,911.0,956.4,953.92,911.4533333333335
2120,2017-10-19,406700.0,920.0,912.0,921.0,910.0,943.6,954.52,910.92
2120,2017-10-20,1545300.0,927.0,903.0,949.0,897.0,935.0,955.44,910.04
2120,2017-10-23,726800.0,909.0,901.0,909.0,889.0,924.6,955.4,909.4
2120,2017-10-24,624200.0,902.0,902.0,910.0,888.0,917.0,954.76,908.92
2120,2017-10-25,707100.0,905.0,892.0,908.0,889.0,912.6,953.52,908.32
2120,2017-10-26,653200.0,890.0,883.0,890.0,867.0,906.6,951.44,907.7866666666665
2120,2017-10-27,623700.0,878.0,877.0,880.0,869.0,896.8,948.36,907.0266666666665
2120,2017-10-30,1767800.0,878.0,873.0,879.0,863.0,890.6,945.24,906.16
2120,2017-10-31,885900.0,878.0,869.0,882.0,861.0,885.8,942.04,905.44
2120,2017-11-01,812200.0,875.0,875.0,884.0,868.0,879.8,939.04,904.52
2120,2017-11-02,899700.0,877.0,859.0,879.0,858.0,877.2,936.64,903.72
2120,2017-11-06,772300.0,860.0,857.0,867.0,852.0,873.6,933.08,902.7733333333333
2120,2017-11-07,1032300.0,852.0,851.0,856.0,842.0,868.4,928.76,902.0266666666665
2120,2017-11-08,1136200.0,845.0,834.0,849.0,816.0,861.8,923.0,901.2533333333333
2120,2017-11-09,1259300.0,835.0,817.0,837.0,806.0,853.8,916.76,900.48
2120,2017-11-10,943700.0,809.0,804.0,814.0,802.0,840.2,909.4,899.3333333333335
2120,2017-11-13,756200.0,801.0,785.0,802.0,784.0,828.4,902.04,897.8533333333335
2120,2017-11-14,2273200.0,890.0,876.0,891.0,840.0,836.0,898.64,897.88
2120,2017-11-15,1220300.0,865.0,864.0,874.0,850.0,840.0,894.24,897.5066666666668
2120,2017-11-16,1270600.0,861.0,804.0,867.0,802.0,845.2,889.56,897.1466666666665
2120,2017-11-17,747700.0,807.0,816.0,824.0,806.0,844.8,882.48,896.4133333333333
2120,2017-11-20,588500.0,831.0,816.0,832.0,808.0,850.8,876.92,895.7866666666665
2120,2017-11-21,931600.0,828.0,838.0,849.0,822.0,838.4,871.6,895.16
2120,2017-11-22,913600.0,855.0,819.0,855.0,814.0,836.4,868.2,894.68
2120,2017-11-24,497500.0,819.0,831.0,839.0,815.0,828.0,863.88,894.0133333333333
2120,2017-11-27,706300.0,829.0,835.0,838.0,816.0,832.4,860.24,893.2
2120,2017-11-28,688200.0,846.0,852.0,867.0,844.0,835.4,857.0,892.56
2120,2017-11-29,816200.0,860.0,878.0,880.0,853.0,841.8,855.04,891.6666666666665
2120,2017-11-30,1654700.0,890.0,919.0,937.0,886.0,848.8,854.56,892.3866666666668
2120,2017-12-01,1097100.0,914.0,943.0,945.0,903.0,867.8,854.92,893.68
2120,2017-12-04,628000.0,943.0,939.0,945.0,926.0,890.6,857.04,895.4666666666667
2120,2017-12-05,442800.0,928.0,950.0,954.0,928.0,907.0,859.04,897.0
2120,2017-12-06,730900.0,948.0,940.0,961.0,936.0,924.6,861.84,898.9066666666665
2120,2017-12-07,462900.0,950.0,964.0,965.0,941.0,936.6,864.72,900.8666666666667
2120,2017-12-08,539300.0,967.0,987.0,987.0,966.0,947.2,868.4,902.9333333333333
2120,2017-12-11,1177300.0,988.0,1034.0,1037.0,981.0,956.2,872.84,905.1066666666667
2120,2017-12-12,972300.0,1039.0,1013.0,1039.0,1007.0,978.4,880.0,907.6266666666667
2120,2017-12-13,1056400.0,1013.0,1063.0,1074.0,1009.0,991.4,886.44,909.1733333333333
2120,2017-12-14,942000.0,1072.0,1077.0,1083.0,1049.0,1015.8,895.52,912.08
2120,2017-12-15,866900.0,1081.0,1084.0,1105.0,1064.0,1038.6,905.36,915.1333333333333
2120,2017-12-18,575800.0,1095.0,1083.0,1111.0,1074.0,1060.0,916.8,918.0933333333335
2120,2017-12-19,485400.0,1084.0,1094.0,1100.0,1068.0,1069.0,928.12,920.5466666666665
2120,2017-12-20,472700.0,1094.0,1060.0,1094.0,1056.0,1085.2,936.28,922.84
2120,2017-12-21,980500.0,1050.0,1028.0,1058.0,1024.0,1080.8,943.68,924.68
2120,2017-12-22,586600.0,1032.0,1034.0,1046.0,1016.0,1071.0,950.52,926.2266666666667
2120,2017-12-25,300500.0,1032.0,1044.0,1045.0,1028.0,1058.4,959.52,928.0133333333333
2120,2017-12-26,490400.0,1040.0,1027.0,1055.0,1024.0,1049.6,967.88,930.4
2120,2017-12-27,532000.0,1020.0,1022.0,1042.0,1016.0,1034.8,975.56,932.36
2120,2017-12-28,309200.0,1030.0,1024.0,1048.0,1021.0,1030.8,982.56,934.4133333333333
2120,2017-12-29,353500.0,1025.0,1008.0,1030.0,1002.0,1029.4,990.8,936.2
2120,2018-01-04,1072400.0,1007.0,988.0,1013.0,979.0,1024.4,997.92,937.56
2120,2018-01-05,625100.0,988.0,1000.0,1010.0,988.0,1014.0,1003.6,938.68
2120,2018-01-09,859300.0,1006.0,986.0,1012.0,972.0,1011.2,1009.44,939.96
2120,2018-01-10,929800.0,983.0,976.0,993.0,971.0,1001.8,1013.16,940.8266666666667
2120,2018-01-11,833300.0,970.0,950.0,977.0,927.0,990.8,1015.4,941.28
2120,2018-01-12,530900.0,959.0,941.0,960.0,940.0,981.2,1016.04,941.5066666666668
2120,2018-01-15,849100.0,947.0,938.0,953.0,932.0,973.0,1016.8,941.4
2120,2018-01-16,891900.0,938.0,919.0,940.0,917.0,959.4,1016.4,941.16
2120,2018-01-17,1122700.0,916.0,923.0,936.0,907.0,946.0,1015.04,940.6
2120,2018-01-18,510600.0,933.0,908.0,934.0,908.0,938.6,1013.68,940.3733333333333
2120,2018-01-19,414400.0,916.0,925.0,932.0,915.0,930.0,1010.8,940.0933333333335
2120,2018-01-22,436800.0,925.0,929.0,934.0,918.0,925.6,1006.24,939.7733333333333
2120,2018-01-23,734700.0,934.0,964.0,966.0,934.0,924.8,1003.08,939.4266666666666
2120,2018-01-24,1380200.0,976.0,981.0,983.0,953.0,936.8,999.24,939.2533333333333
2120,2018-01-25,787800.0,980.0,959.0,992.0,956.0,946.2,995.2,939.1066666666667
2120,2018-01-26,447500.0,959.0,964.0,971.0,958.0,954.8,989.76,938.6533333333333
2120,2018-01-29,391700.0,960.0,964.0,971.0,956.0,961.8,984.8,938.32
2120,2018-01-30,627300.0,961.0,945.0,962.0,932.0,967.2,979.48,938.1333333333333
2120,2018-01-31,480400.0,930.0,928.0,938.0,921.0,958.0,974.68,937.5333333333333
2120,2018-02-01,395300.0,930.0,941.0,944.0,930.0,948.0,970.6,936.8933333333333
2120,2018-02-02,427600.0,945.0,957.0,961.0,940.0,945.2,967.12,936.3733333333333
2120,2018-02-05,601100.0,935.0,908.0,946.0,906.0,940.2,962.92,935.9066666666665
2120,2018-02-06,933200.0,870.0,844.0,876.0,811.0,922.0,956.92,934.6933333333334
2120,2018-02-07,511700.0,880.0,848.0,886.0,846.0,912.0,950.92,933.8933333333333
2120,2018-02-08,437700.0,847.0,865.0,871.0,847.0,895.4,943.8,932.8266666666667
2120,2018-02-09,575000.0,825.0,851.0,854.0,819.0,871.4,936.52,931.56
2120,2018-02-13,737500.0,866.0,871.0,883.0,856.0,857.6,931.64,930.7466666666667
2120,2018-02-14,1834900.0,884.0,883.0,887.0,805.0,860.4,926.76,930.4133333333333
2120,2018-02-15,1673700.0,898.0,964.0,965.0,898.0,864.0,923.36,930.36
2120,2018-02-16,1186100.0,960.0,1013.0,1015.0,950.0,886.6,922.96,931.0933333333335
2120,2018-02-19,515600.0,1020.0,1034.0,1035.0,1004.0,925.6,925.4,932.8266666666667
2120,2018-02-20,663100.0,1034.0,1058.0,1070.0,1031.0,959.2,928.88,934.9066666666665
2120,2018-02-21,956000.0,1059.0,1081.0,1112.0,1059.0,994.2,933.72,937.32
2120,2018-02-22,742700.0,1076.0,1083.0,1086.0,1052.0,1029.8,940.12,939.96
2120,2018-02-23,842100.0,1090.0,1110.0,1115.0,1084.0,1055.8,946.4,942.8266666666667
2120,2018-02-26,557800.0,1117.0,1115.0,1135.0,1106.0,1075.2,954.44,946.0266666666665
2120,2018-02-27,820400.0,1110.0,1058.0,1113.0,1053.0,1090.4,961.84,949.36
2120,2018-02-28,695700.0,1055.0,1034.0,1070.0,1033.0,1089.6,966.68,952.0666666666667
2120,2018-03-01,624200.0,1020.0,1004.0,1022.0,1003.0,1078.4,968.44,954.4
2120,2018-03-02,539100.0,981.0,982.0,1005.0,978.0,1056.6,968.48,956.3466666666667
2120,2018-03-05,433500.0,977.0,955.0,989.0,950.0,1028.6,969.2,958.5866666666667
2120,2018-03-06,444200.0,979.0,973.0,988.0,968.0,1002.4,969.96,960.96
2120,2018-03-07,523300.0,958.0,973.0,1006.0,958.0,983.0,969.84,961.8666666666667
2120,2018-03-08,435000.0,979.0,972.0,993.0,968.0,974.8,971.8,963.3866666666668
2120,2018-03-09,500100.0,982.0,959.0,982.0,951.0,975.0,973.88,965.0
2120,2018-03-12,347400.0,977.0,959.0,985.0,951.0,975.0,975.16,967.2666666666668
2120,2018-03-13,608700.0,961.0,1004.0,1006.0,958.0,971.4,976.2,969.0
2120,2018-03-14,658200.0,1005.0,1009.0,1027.0,986.0,980.8,981.6,971.36
2120,2018-03-15,656000.0,1025.0,1058.0,1059.0,1016.0,990.0,987.4,973.6266666666667
2120,2018-03-16,639400.0,1061.0,1056.0,1073.0,1036.0,1005.8,995.96,976.8533333333335
2120,2018-03-19,555000.0,1046.0,1040.0,1067.0,1023.0,1019.6,1004.8,979.7466666666667
2120,2018-03-20,1088700.0,1018.0,968.0,1019.0,966.0,1031.0,1010.88,982.04
2120,2018-03-22,914100.0,958.0,943.0,967.0,932.0,1021.6,1013.84,983.3466666666667
2120,2018-03-23,895000.0,915.0,908.0,943.0,906.0,999.6,1014.52,983.68
2120,2018-03-26,740700.0,887.0,892.0,894.0,864.0,964.8,1011.6,983.32
2120,2018-03-27,559200.0,915.0,914.0,922.0,898.0,938.6,1007.4,982.9466666666667
2120,2018-03-28,503200.0,899.0,907.0,912.0,890.0,914.8,1002.0,982.56
2120,2018-03-29,427100.0,921.0,931.0,934.0,909.0,907.4,996.48,982.2
2120,2018-03-30,703800.0,943.0,959.0,967.0,934.0,913.0,991.16,982.1066666666667
2120,2018-04-02,446800.0,958.0,965.0,974.0,944.0,927.2,985.88,981.9866666666667
2120,2018-04-03,522000.0,946.0,945.0,954.0,934.0,933.4,979.04,981.4266666666666
2120,2018-04-04,978100.0,943.0,891.0,947.0,887.0,942.2,972.36,980.1466666666665
2120,2018-04-05,544500.0,900.0,900.0,913.0,887.0,938.0,966.16,978.64
2120,2018-04-06,774900.0,903.0,891.0,910.0,876.0,930.0,961.48,976.3866666666668
2120,2018-04-09,532500.0,885.0,899.0,900.0,878.0,915.4,957.64,973.7733333333333
2120,2018-04-10,560200.0,902.0,891.0,905.0,880.0,906.6,954.64,971.2
2120,2018-04-11,683700.0,898.0,886.0,900.0,877.0,897.6,951.4,968.72
2120,2018-04-12,379200.0,885.0,884.0,896.0,875.0,894.6,948.48,965.9333333333333
2120,2018-04-13,406700.0,890.0,885.0,890.0,876.0,892.0,944.92,963.8
2120,2018-04-16,549300.0,885.0,861.0,886.0,857.0,892.0,941.04,961.84
2120,2018-04-17,736300.0,856.0,866.0,869.0,837.0,882.8,936.2,959.4933333333332
2120,2018-04-18,552300.0,875.0,886.0,892.0,869.0,878.2,932.76,957.2933333333333
2120,2018-04-19,530500.0,898.0,898.0,903.0,886.0,880.8,928.48,955.6666666666665
2120,2018-04-20,642800.0,908.0,919.0,924.0,897.0,884.4,923.8,954.04
2120,2018-04-23,402200.0,917.0,912.0,919.0,902.0,890.8,918.04,952.6
2120,2018-04-24,486400.0,913.0,927.0,936.0,905.0,902.2,912.72,951.3466666666667
2120,2018-04-25,500400.0,925.0,927.0,944.0,921.0,912.2,909.0,950.5066666666668
2120,2018-04-26,879200.0,925.0,887.0,925.0,886.0,917.6,907.68,949.4266666666666
2120,2018-04-27,455100.0,891.0,892.0,900.0,886.0,914.2,906.72,948.2
2120,2018-05-01,368100.0,890.0,894.0,896.0,871.0,908.8,906.84,947.1333333333333
2120,2018-05-02,459400.0,906.0,925.0,927.0,906.0,907.4,906.48,946.4266666666666
2120,2018-05-07,606500.0,940.0,954.0,958.0,932.0,910.4,908.12,946.3333333333335
2120,2018-05-08,582400.0,963.0,963.0,976.0,954.0,918.0,909.8,946.6666666666665
2120,2018-05-09,458500.0,957.0,948.0,967.0,944.0,931.2,910.36,947.2133333333335
2120,2018-05-10,3562400.0,889.0,799.0,897.0,798.0,931.0,907.6,946.6266666666667
2120,2018-05-11,1861100.0,800.0,801.0,816.0,774.0,909.8,901.76,945.08
2120,2018-05-14,1025600.0,807.0,800.0,815.0,799.0,883.2,896.32,943.5066666666668
2120,2018-05-15,3868100.0,798.0,700.0,807.0,699.0,850.2,892.24,941.6933333333334
2120,2018-05-16,2803700.0,700.0,695.0,719.0,680.0,798.8,884.12,938.0133333333333
2120,2018-05-17,1664500.0,697.0,727.0,728.0,691.0,760.4,876.6,934.24
2120,2018-05-18,1697700.0,727.0,755.0,759.0,722.0,745.8,869.6,931.1466666666665
2120,2018-05-21,1509400.0,770.0,752.0,773.0,743.0,738.4,864.48,928.6133333333332
2120,2018-05-22,1180600.0,741.0,774.0,775.0,740.0,727.0,858.72,925.68
2120,2018-05-23,1269900.0,771.0,767.0,784.0,760.0,741.2,853.96,923.56
2120,2018-05-24,3109300.0,805.0,782.0,835.0,775.0,762.8,850.76,921.8933333333333
2120,2018-05-25,1227000.0,780.0,768.0,793.0,760.0,773.4,847.72,919.6933333333334
2120,2018-05-28,802100.0,758.0,767.0,783.0,753.0,771.0,843.04,917.3333333333335
2120,2018-05-29,931500.0,771.0,789.0,792.0,766.0,777.0,837.96,916.0133333333333
2120,2018-05-30,616700.0,776.0,777.0,783.0,771.0,778.0,832.68,914.6266666666667
2120,2018-05-31,593800.0,785.0,778.0,794.0,777.0,774.0,827.4,913.8
2120,2018-06-01,516600.0,775.0,778.0,787.0,771.0,773.0,821.88,913.1333333333333
2120,2018-06-04,812100.0,793.0,798.0,802.0,790.0,780.0,816.6,912.16
2120,2018-06-05,1373300.0,792.0,752.0,793.0,742.0,784.2,811.28,910.9333333333333
2120,2018-06-06,1197400.0,740.0,723.0,741.0,710.0,777.0,805.24,908.8266666666667
2120,2018-06-07,745300.0,729.0,744.0,745.0,727.0,765.8,798.8,905.7466666666667
2120,2018-06-08,446400.0,738.0,741.0,743.0,735.0,758.4,792.08,901.9866666666667
2120,2018-06-11,391600.0,743.0,749.0,754.0,742.0,748.4,784.2,898.1066666666667
2120,2018-06-12,474500.0,755.0,756.0,756.0,746.0,741.0,775.88,894.0533333333333
2120,2018-06-13,535700.0,758.0,756.0,761.0,750.0,744.6,767.92,889.8133333333334
2120,2018-06-14,502300.0,754.0,742.0,757.0,741.0,749.6,762.52,885.3333333333335
2120,2018-06-15,526100.0,748.0,739.0,754.0,739.0,751.6,760.44,880.4133333333333
2120,2018-06-18,1017200.0,733.0,717.0,734.0,703.0,749.6,757.48,875.3866666666668
2120,2018-06-19,940700.0,709.0,695.0,715.0,692.0,740.4,753.92,870.7733333333333
2120,2018-06-20,896100.0,691.0,714.0,714.0,675.0,727.0,753.56,866.3866666666668
2120,2018-06-21,555700.0,717.0,712.0,718.0,704.0,719.6,754.36,862.8666666666667
2120,2018-06-22,626800.0,704.0,710.0,722.0,702.0,710.8,753.44,859.2266666666667
2120,2018-06-25,625800.0,718.0,712.0,723.0,706.0,707.8,751.36,855.7466666666667
2120,2018-06-26,572500.0,705.0,712.0,719.0,695.0,707.0,749.92,852.3733333333333
2120,2018-06-27,617000.0,713.0,729.0,738.0,713.0,711.4,747.6,848.8266666666667
2120,2018-06-28,813900.0,743.0,720.0,743.0,702.0,716.6,745.12,845.64
2120,2018-06-29,410800.0,724.0,733.0,735.0,717.0,720.6,742.88,842.2666666666668
2120,2018-07-02,598400.0,733.0,709.0,737.0,708.0,723.6,741.88,839.2266666666667
2120,2018-07-03,1697600.0,710.0,675.0,712.0,668.0,724.6,739.44,835.2933333333333
2120,2018-07-04,1099400.0,665.0,667.0,673.0,652.0,715.0,735.0,830.4933333333332
2120,2018-07-05,711100.0,670.0,655.0,680.0,653.0,700.4,730.4,825.28
2120,2018-07-06,917600.0,657.0,664.0,665.0,641.0,687.0,725.68,820.0933333333335
2120,2018-07-09,1098800.0,662.0,683.0,689.0,648.0,672.8,720.44,815.3466666666667
2120,2018-07-10,589000.0,689.0,668.0,689.0,667.0,668.6,716.32,811.76
2120,2018-07-11,695900.0,658.0,666.0,676.0,653.0,667.2,713.04,808.3333333333335
2120,2018-07-12,667300.0,667.0,687.0,689.0,664.0,666.6,710.56,805.4
2120,2018-07-13,644100.0,694.0,707.0,708.0,689.0,674.0,708.8,802.4533333333335
2120,2018-07-17,551200.0,707.0,698.0,711.0,696.0,683.0,707.36,799.8933333333333
2120,2018-07-18,595200.0,710.0,715.0,733.0,704.0,687.2,705.56,797.08
2120,2018-07-19,436700.0,716.0,709.0,717.0,704.0,698.8,703.88,794.0533333333333
2120,2018-07-20,489000.0,710.0,719.0,727.0,709.0,707.4,702.12,790.7466666666667
2120,2018-07-23,394400.0,715.0,713.0,718.0,704.0,711.6,700.8,787.6666666666665
2120,2018-07-24,470200.0,716.0,714.0,720.0,708.0,713.4,700.12,784.64
2120,2018-07-25,451000.0,721.0,724.0,726.0,711.0,715.6,700.6,782.2533333333333
2120,2018-07-26,451300.0,725.0,727.0,734.0,722.0,717.4,701.96,779.88
2120,2018-07-27,3395800.0,637.0,664.0,665.0,614.0,702.8,698.76,776.5733333333334
2120,2018-07-30,1521800.0,655.0,681.0,700.0,651.0,690.8,696.8,773.28
2120,2018-07-31,1211700.0,683.0,700.0,709.0,664.0,684.2,695.4,770.4133333333333
2120,2018-08-01,2163000.0,713.0,755.0,758.0,712.0,682.6,695.72,768.12
2120,2018-08-02,2066700.0,750.0,686.0,753.0,684.0,687.6,697.2,766.2533333333333
2120,2018-08-03,1161500.0,687.0,675.0,689.0,662.0,697.6,694.96,763.6133333333332
2120,2018-08-06,768900.0,670.0,673.0,679.0,658.0,700.6,692.8,761.1333333333333
2120,2018-08-07,515100.0,672.0,671.0,678.0,667.0,698.4,690.36,758.4266666666666
2120,2018-08-08,893700.0,677.0,703.0,713.0,675.0,691.2,689.04,755.48
2120,2018-08-09,477000.0,704.0,712.0,717.0,699.0,682.0,690.6,752.76
2120,2018-08-10,599000.0,710.0,684.0,710.0,684.0,686.6,692.2,750.0
2120,2018-08-13,609300.0,679.0,684.0,690.0,671.0,688.4,693.08,746.88
2120,2018-08-14,673600.0,683.0,687.0,688.0,669.0,690.6,693.92,743.6533333333333
2120,2018-08-15,577500.0,696.0,690.0,698.0,682.0,694.4,694.2,740.6
2120,2018-08-16,658100.0,682.0,660.0,682.0,660.0,690.0,695.16,737.8133333333334
2120,2018-08-17,443500.0,657.0,661.0,669.0,653.0,679.4,694.76,734.7066666666667
2120,2018-08-20,613900.0,659.0,643.0,660.0,639.0,675.4,693.36,731.4133333333333
2120,2018-08-21,520500.0,638.0,628.0,641.0,622.0,666.4,690.6,727.3866666666668
2120,2018-08-22,626100.0,625.0,630.0,636.0,616.0,652.2,687.2,722.88
2120,2018-08-23,430100.0,630.0,644.0,648.0,630.0,641.8,683.76,718.52
2120,2018-08-24,467000.0,650.0,653.0,661.0,648.0,640.4,681.36,715.3333333333335
2120,2018-08-27,733200.0,663.0,680.0,689.0,657.0,641.2,679.28,713.5066666666668
2120,2018-08-28,559900.0,680.0,680.0,686.0,669.0,649.6,677.84,711.8133333333334
2120,2018-08-29,517500.0,685.0,678.0,694.0,673.0,661.6,676.4,710.3066666666666
2120,2018-08-30,422100.0,686.0,686.0,689.0,676.0,672.8,674.84,710.12
2120,2018-08-31,273900.0,683.0,683.0,689.0,676.0,679.4,676.68,709.9333333333333
2120,2018-09-03,538300.0,686.0,665.0,695.0,660.0,684.0,677.92,709.3866666666668
2120,2018-09-04,510600.0,665.0,669.0,675.0,657.0,681.0,677.2,707.9866666666667
2120,2018-09-05,751700.0,662.0,644.0,669.0,643.0,676.4,675.16,706.9333333333333
2120,2018-09-06,965600.0,639.0,611.0,641.0,611.0,667.0,670.72,705.1733333333333
2120,2018-09-07,762300.0,603.0,610.0,616.0,591.0,651.0,667.36,702.48
2120,2018-09-10,433500.0,610.0,611.0,619.0,608.0,635.8,664.96,700.2133333333335
2120,2018-09-11,627200.0,617.0,613.0,618.0,603.0,626.2,662.76,698.3333333333335
2120,2018-09-12,431300.0,613.0,603.0,618.0,601.0,616.4,660.2,696.2266666666667
2120,2018-09-13,440500.0,599.0,599.0,605.0,597.0,608.4,656.0,693.8666666666667
2120,2018-09-14,716700.0,594.0,596.0,603.0,585.0,606.6,651.36,691.32
2120,2018-09-18,624400.0,595.0,612.0,615.0,593.0,603.6,648.0,688.92
2120,2018-09-19,654700.0,620.0,619.0,628.0,616.0,604.2,645.48,686.6133333333332
2120,2018-09-20,456700.0,618.0,614.0,619.0,605.0,605.2,642.36,684.2933333333333
2120,2018-09-21,458800.0,610.0,617.0,618.0,609.0,607.4,639.48,682.56
2120,2018-09-25,774700.0,622.0,634.0,635.0,619.0,613.0,638.08,681.1333333333333
2120,2018-09-26,607500.0,631.0,625.0,641.0,622.0,620.2,636.96,679.7066666666667
2120,2018-09-27,753300.0,628.0,629.0,643.0,626.0,621.8,636.56,678.1733333333333
2120,2018-09-28,440700.0,630.0,630.0,639.0,626.0,624.2,636.76,676.5066666666668
2120,2018-10-01,380700.0,631.0,634.0,636.0,628.0,628.4,636.8,674.8133333333334
2120,2018-10-02,583200.0,641.0,630.0,649.0,630.0,632.2,636.44,673.3066666666666
2120,2018-10-03,465000.0,628.0,625.0,637.0,620.0,631.6,635.04,671.7066666666667
2120,2018-10-04,1030100.0,630.0,599.0,634.0,598.0,632.0,633.04,670.3333333333334
2120,2018-10-05,641200.0,595.0,594.0,597.0,586.0,625.0,629.44,668.8133333333334
2120,2018-10-09,621800.0,590.0,572.0,591.0,570.0,616.8,625.6,667.4666666666667
2120,2018-10-10,483000.0,581.0,574.0,581.0,565.0,604.8,621.52,665.6533333333333
2120,2018-10-11,973900.0,534.0,536.0,547.0,531.0,586.0,615.44,663.3866666666668
2120,2018-10-12,846400.0,532.0,566.0,569.0,532.0,566.4,610.12,660.9066666666666
2120,2018-10-15,780100.0,556.0,551.0,561.0,545.0,558.6,605.88,658.92
2120,2018-10-16,723100.0,550.0,556.0,559.0,549.0,550.6,602.32,656.7466666666667
2120,2018-10-17,933600.0,566.0,575.0,576.0,558.0,547.6,600.84,654.3866666666668
2120,2018-10-18,440100.0,578.0,576.0,582.0,571.0,556.4,599.56,652.44
2120,2018-10-19,1035400.0,560.0,563.0,569.0,547.0,562.0,597.28,650.1333333333333
2120,2018-10-22,1011600.0,569.0,584.0,585.0,565.0,564.6,595.52,648.2533333333333
2120,2018-10-23,6763700.0,644.0,684.0,684.0,632.0,583.4,597.32,647.9733333333334
2120,2018-10-24,5773000.0,685.0,732.0,742.0,684.0,607.2,600.96,648.1733333333333
2120,2018-10-25,2772300.0,708.0,722.0,736.0,701.0,633.2,605.48,648.8533333333334
2120,2018-10-26,2247700.0,729.0,705.0,729.0,685.0,667.0,609.84,649.7466666666667
2120,2018-10-29,1450000.0,699.0,676.0,712.0,673.0,693.0,613.08,649.88
2120,2018-10-30,2127900.0,677.0,727.0,729.0,677.0,699.6,615.76,650.1333333333333
2120,2018-10-31,1897600.0,733.0,764.0,764.0,731.0,709.2,620.2,651.0133333333333
2120,2018-11-01,1010700.0,767.0,760.0,776.0,750.0,721.0,625.64,651.9866666666667
2120,2018-11-02,1346700.0,764.0,781.0,781.0,757.0,728.0,631.08,652.7466666666667
2120,2018-11-05,975200.0,784.0,777.0,789.0,769.0,745.0,637.24,653.7333333333332
2120,2018-11-06,907700.0,781.0,792.0,797.0,781.0,765.8,643.24,654.6
2120,2018-11-07,1139800.0,790.0,797.0,805.0,776.0,777.2,649.2,655.6666666666666
2120,2018-11-08,706000.0,808.0,792.0,812.0,792.0,785.4,656.4,656.9066666666666
2120,2018-11-09,924800.0,787.0,778.0,802.0,777.0,790.0,662.68,657.8533333333334
2120,2018-11-12,899200.0,763.0,753.0,779.0,748.0,785.8,669.4,658.4133333333333
2120,2018-11-13,1490100.0,708.0,739.0,754.0,708.0,771.2,674.12,658.1866666666666
2120,2018-11-14,888600.0,739.0,732.0,759.0,730.0,761.0,680.44,659.5466666666666
2120,2018-11-15,1068400.0,728.0,746.0,750.0,727.0,745.0,688.2,660.52
2120,2018-11-16,947900.0,750.0,762.0,777.0,750.0,737.6,696.92,661.4133333333333
2120,2018-11-19,809600.0,753.0,783.0,786.0,747.0,735.6,704.8,661.9466666666667
2120,2018-11-20,1337300.0,769.0,771.0,796.0,762.0,747.8,713.56,662.2
2120,2018-11-21,3549500.0,774.0,849.0,861.0,774.0,754.8,721.88,663.36
2120,2018-11-22,1069600.0,855.0,841.0,859.0,826.0,780.2,732.96,665.8266666666667
2120,2018-11-26,753900.0,835.0,858.0,860.0,824.0,797.2,743.96,668.0
2120,2018-11-27,1022100.0,867.0,846.0,883.0,844.0,820.0,755.88,670.5333333333333
2120,2018-11-28,1202600.0,854.0,887.0,893.0,854.0,837.0,764.28,672.5333333333333
2120,2018-11-29,1527200.0,901.0,901.0,933.0,893.0,862.4,772.92,675.08
2120,2018-11-30,727700.0,900.0,897.0,927.0,891.0,871.4,780.6,678.0266666666666
2120,2018-12-03,541700.0,904.0,889.0,911.0,883.0,885.2,787.6,680.9733333333334
2120,2018-12-04,817700.0,880.0,867.0,893.0,858.0,887.8,794.84,683.4266666666666
2120,2018-12-05,785900.0,860.0,864.0,876.0,853.0,889.0,802.16,685.8
2120,2018-12-06,765400.0,856.0,836.0,864.0,820.0,880.0,807.08,688.4533333333335
2120,2018-12-07,675000.0,849.0,854.0,860.0,833.0,869.8,810.36,690.9866666666667
2120,2018-12-10,503800.0,845.0,825.0,853.0,821.0,858.0,813.6,693.7466666666667
2120,2018-12-11,568000.0,829.0,821.0,835.0,815.0,847.8,815.4,696.4666666666667
2120,2018-12-12,856100.0,815.0,813.0,818.0,796.0,838.8,816.76,698.9333333333333
2120,2018-12-13,713700.0,820.0,805.0,831.0,802.0,831.6,817.96,701.2
2120,2018-12-14,672400.0,808.0,775.0,810.0,775.0,823.4,817.96,703.1333333333333
2120,2018-12-17,642600.0,775.0,770.0,786.0,763.0,809.4,817.48,704.4
2120,2018-12-18,704600.0,750.0,733.0,760.0,731.0,793.6,816.96,705.2666666666668
2120,2018-12-19,604900.0,736.0,754.0,765.0,731.0,777.8,818.08,705.9333333333333
2120,2018-12-20,564400.0,740.0,722.0,746.0,716.0,761.8,818.12,706.6933333333334
2120,2018-12-21,603700.0,718.0,720.0,730.0,708.0,743.8,817.72,707.12
2120,2018-12-25,681400.0,670.0,710.0,723.0,666.0,722.8,814.52,707.1866666666666
2120,2018-12-26,690400.0,713.0,697.0,728.0,684.0,715.4,812.92,707.8666666666667
2120,2018-12-27,595100.0,734.0,738.0,756.0,724.0,715.0,811.52,709.1333333333333
2120,2018-12-28,744300.0,739.0,732.0,759.0,721.0,714.8,810.12,710.9466666666667
2120,2019-01-04,530300.0,716.0,733.0,736.0,714.0,714.4,804.56,712.36
2120,2019-01-07,490200.0,766.0,766.0,774.0,750.0,733.6,801.8,714.3466666666667
2120,2019-01-08,556800.0,768.0,740.0,770.0,740.0,744.6,797.84,716.4133333333333
2120,2019-01-09,1099400.0,765.0,765.0,800.0,763.0,750.8,794.28,718.6266666666667
2120,2019-01-10,504100.0,754.0,744.0,769.0,742.0,753.8,788.4,720.76
2120,2019-01-11,755600.0,759.0,769.0,792.0,758.0,762.4,782.76,722.9466666666667
2120,2019-01-15,650400.0,761.0,788.0,796.0,756.0,761.4,777.04,724.8266666666667
2120,2019-01-16,646200.0,791.0,754.0,799.0,752.0,766.0,773.48,727.1333333333333
2120,2019-01-17,579900.0,757.0,771.0,782.0,757.0,764.4,769.36,729.0933333333335
2120,2019-01-18,359700.0,788.0,771.0,793.0,771.0,771.2,766.64,731.3066666666666
2120,2019-01-21,331900.0,788.0,754.0,788.0,754.0,777.0,764.2,733.4
2120,2019-01-22,476400.0,768.0,740.0,770.0,728.0,778.4,761.12,735.2666666666668
2120,2019-01-23,287700.0,730.0,733.0,751.0,726.0,766.2,757.16,736.6
2120,2019-01-24,943700.0,718.0,736.0,737.0,703.0,758.4,753.28,737.76
2120,2019-01-25,491000.0,739.0,729.0,748.0,726.0,748.6,750.04,739.0666666666667
2120,2019-01-28,306800.0,728.0,738.0,742.0,722.0,736.6,746.84,740.4
2120,2019-01-29,504300.0,727.0,731.0,732.0,706.0,728.4,744.92,741.6933333333334
2120,2019-01-30,1224800.0,729.0,709.0,729.0,689.0,728.2,744.08,743.48
2120,2019-01-31,361400.0,722.0,714.0,727.0,710.0,729.0,743.52,745.24
2120,2019-02-01,260100.0,720.0,718.0,734.0,713.0,725.2,742.72,747.0933333333335
2120,2019-02-04,338600.0,720.0,721.0,733.0,714.0,723.6,742.8,749.5733333333334
2120,2019-02-05,856800.0,726.0,688.0,726.0,684.0,723.4,745.04,752.16
2120,2019-02-06,460200.0,698.0,713.0,715.0,696.0,717.2,744.44,754.0533333333333
2120,2019-02-07,442300.0,705.0,683.0,712.0,678.0,713.8,743.28,756.12
2120,2019-02-08,402800.0,676.0,677.0,683.0,666.0,705.0,740.76,757.5866666666667
2120,2019-02-12,838400.0,680.0,708.0,715.0,671.0,697.0,739.32,758.9466666666667
2120,2019-02-13,968500.0,710.0,715.0,725.0,702.0,693.8,737.08,760.9466666666667
2120,2019-02-14,2048800.0,718.0,631.0,718.0,630.0,697.8,735.08,762.9333333333333
2120,2019-02-15,980100.0,627.0,626.0,648.0,619.0,682.2,729.56,762.7066666666667
2120,2019-02-18,1091700.0,629.0,610.0,634.0,608.0,672.8,724.56,761.96
2120,2019-02-19,1167900.0,617.0,642.0,646.0,613.0,660.2,718.88,760.7466666666667
2120,2019-02-20,820700.0,642.0,621.0,644.0,614.0,646.6,714.12,759.5866666666667
2120,2019-02-21,778000.0,629.0,643.0,648.0,623.0,628.8,707.64,758.6533333333333
2120,2019-02-22,899300.0,653.0,653.0,667.0,647.0,634.0,703.48,758.3333333333335
2120,2019-02-25,520500.0,657.0,657.0,666.0,650.0,639.6,698.24,757.32
2120,2019-02-26,504300.0,653.0,649.0,656.0,642.0,646.8,692.84,755.8
2120,2019-02-27,740800.0,649.0,647.0,664.0,643.0,648.2,688.08,754.2666666666668
2120,2019-02-28,351600.0,638.0,636.0,648.0,632.0,650.0,684.4,752.32
2120,2019-03-01,310800.0,632.0,643.0,645.0,631.0,645.8,680.96,750.3333333333335
2120,2019-03-04,358800.0,643.0,653.0,656.0,643.0,643.0,677.12,748.3733333333333
2120,2019-03-05,398600.0,643.0,644.0,649.0,636.0,641.0,673.72,746.1733333333333
2120,2019-03-06,445400.0,650.0,661.0,664.0,650.0,641.2,670.64,744.3466666666667
2120,2019-03-07,728300.0,655.0,631.0,656.0,628.0,644.6,667.68,742.9066666666665
2120,2019-03-08,666100.0,621.0,600.0,625.0,597.0,642.4,663.64,741.7466666666667
2120,2019-03-11,2222900.0,600.0,558.0,604.0,557.0,633.8,658.84,739.8933333333333
2120,2019-03-12,1099000.0,575.0,580.0,583.0,562.0,620.2,653.04,737.8533333333335
2120,2019-03-13,1293000.0,585.0,589.0,608.0,576.0,607.2,647.4,735.6533333333333
2120,2019-03-14,770000.0,598.0,583.0,601.0,582.0,595.8,643.4,733.5866666666667
2120,2019-03-15,1119300.0,579.0,570.0,584.0,566.0,587.4,638.36,731.0533333333333
2120,2019-03-18,868700.0,570.0,583.0,589.0,567.0,581.4,634.12,728.3333333333335
2120,2019-03-19,753500.0,582.0,580.0,587.0,572.0,582.8,630.2,724.6933333333334
2120,2019-03-20,817100.0,580.0,580.0,584.0,574.0,581.8,625.0,721.2933333333333
2120,2019-03-22,713900.0,580.0,572.0,580.0,569.0,578.2,619.48,717.4666666666667
2120,2019-03-25,1171600.0,555.0,558.0,562.0,549.0,573.4,616.6,713.48
2120,2019-03-26,810800.0,564.0,564.0,571.0,558.0,572.2,614.0,708.9866666666667
2120,2019-03-27,478500.0,564.0,580.0,581.0,564.0,568.6,611.88,704.5066666666668
2120,2019-03-28,439300.0,575.0,571.0,578.0,565.0,567.6,609.2,700.12
2120,2019-03-29,450700.0,570.0,580.0,584.0,568.0,565.6,606.84,695.9866666666667
2120,2019-04-01,645200.0,590.0,585.0,596.0,580.0,572.6,604.32,692.3866666666668
2120,2019-04-02,703400.0,590.0,581.0,593.0,580.0,577.8,601.64,688.84
2120,2019-04-03,570100.0,580.0,582.0,591.0,570.0,581.0,598.72,685.2533333333333
2120,2019-04-04,433900.0,588.0,581.0,588.0,579.0,583.6,596.28,681.8266666666667
2120,2019-04-05,349500.0,581.0,583.0,585.0,575.0,585.8,594.0,678.52
2120,2019-04-08,389400.0,591.0,589.0,592.0,583.0,586.0,592.36,675.5333333333333
2120,2019-04-09,430500.0,593.0,589.0,601.0,580.0,586.6,590.36,672.5066666666668
2120,2019-04-10,819900.0,587.0,586.0,590.0,577.0,588.0,588.12,669.56
2120,2019-04-11,513300.0,586.0,575.0,588.0,569.0,587.6,585.56,667.04
2120,2019-04-12,250300.0,578.0,578.0,583.0,574.0,587.0,582.48,664.7466666666667
2120,2019-04-15,556900.0,585.0,595.0,598.0,584.0,585.8,581.04,662.7333333333332
2120,2019-04-16,362100.0,595.0,589.0,598.0,586.0,586.2,580.84,660.8
2120,2019-04-17,408100.0,586.0,590.0,593.0,579.0,586.0,581.28,659.04
2120,2019-04-18,459700.0,593.0,588.0,601.0,585.0,587.4,581.6,658.0133333333333
2120,2019-04-19,268600.0,589.0,591.0,594.0,586.0,589.6,581.24,656.36
2120,2019-04-22,305600.0,584.0,588.0,595.0,584.0,589.4,581.44,654.36
2120,2019-04-23,475400.0,588.0,591.0,594.0,585.0,588.0,582.16,652.3466666666667
2120,2019-04-24,807700.0,596.0,588.0,617.0,588.0,590.0,582.72,650.7466666666667
2120,2019-04-25,664600.0,594.0,605.0,605.0,594.0,590.2,583.28,648.4533333333334
2120,2019-04-26,478100.0,604.0,600.0,605.0,591.0,593.2,584.24,646.2666666666668
2120,2019-04-30,478100.0,604.0,600.0,605.0,591.0,597.2,586.2,644.12
2120,2019-05-01,478100.0,604.0,600.0,605.0,591.0,600.4,587.8,642.12
2120,2019-05-02,478100.0,604.0,600.0,605.0,591.0,602.0,589.4,640.0533333333333
2120,2019-05-07,666500.0,597.0,594.0,599.0,589.0,602.6,590.28,637.8666666666667
2120,2019-05-08,620400.0,589.0,592.0,603.0,589.0,599.6,591.04,635.1733333333333
2120,2019-05-09,694400.0,592.0,583.0,595.0,581.0,597.2,591.12,632.9733333333334
2120,2019-05-10,747700.0,581.0,587.0,603.0,579.0,592.6,590.76,630.2133333333334
2120,2019-05-13,1119400.0,581.0,571.0,591.0,558.0,588.0,590.8,627.4533333333334
2120,2019-05-14,1267300.0,515.0,589.0,591.0,512.0,571.6,587.88,624.08
2120,2019-05-15,1092700.0,598.0,610.0,641.0,598.0,573.4,588.56,622.32
2120,2019-05-16,663200.0,608.0,619.0,629.0,595.0,576.6,589.24,620.8533333333334
2120,2019-05-17,542300.0,636.0,637.0,640.0,627.0,587.6,590.96,619.48
2120,2019-05-20,678600.0,639.0,621.0,650.0,620.0,599.2,593.04,618.2933333333333
2120,2019-05-21,523600.0,615.0,588.0,616.0,588.0,619.2,594.2,616.8
2120,2019-05-22,397500.0,589.0,589.0,597.0,573.0,617.4,594.64,614.9333333333333
2120,2019-05-23,304600.0,584.0,590.0,596.0,584.0,612.6,594.6,613.0933333333334
2120,2019-05-24,333300.0,585.0,593.0,595.0,581.0,602.4,594.2,611.2933333333333
2120,2019-05-27,201200.0,600.0,611.0,611.0,593.0,594.6,594.76,609.6933333333334
2120,2019-05-28,492900.0,607.0,600.0,608.0,590.0,593.0,595.32,608.1066666666667
2120,2019-05-29,442400.0,595.0,599.0,604.0,591.0,594.2,595.56,606.7333333333332
2120,2019-05-30,298500.0,593.0,598.0,602.0,592.0,596.0,595.92,605.24
2120,2019-05-31,483200.0,592.0,596.0,601.0,590.0,597.4,596.08,604.12
2120,2019-06-03,494500.0,590.0,590.0,598.0,586.0,595.4,595.84,602.92
2120,2019-06-04,555800.0,586.0,579.0,590.0,574.0,591.2,595.52,601.2666666666668
2120,2019-06-05,622700.0,589.0,586.0,593.0,583.0,590.0,594.92,599.5466666666666
2120,2019-06-06,373700.0,586.0,586.0,592.0,584.0,588.6,594.2,599.0
2120,2019-06-07,627500.0,583.0,591.0,597.0,577.0,586.8,593.36,598.3866666666668
2120,2019-06-10,333700.0,591.0,589.0,596.0,589.0,587.0,592.84,598.04
2120,2019-06-11,330600.0,589.0,583.0,590.0,579.0,587.6,592.52,597.3333333333334
2120,2019-06-12,652800.0,581.0,568.0,582.0,563.0,586.0,592.2,596.6933333333334
2120,2019-06-13,1127200.0,561.0,531.0,562.0,530.0,581.0,590.96,595.4666666666667
2120,2019-06-14,588100.0,533.0,532.0,539.0,528.0,571.0,589.04,593.8133333333334
2120,2019-06-17,769100.0,527.0,514.0,529.0,512.0,558.2,586.88,592.1333333333333
2120,2019-06-18,601400.0,512.0,496.0,514.0,494.0,542.8,586.76,590.3066666666666
2120,2019-06-19,444500.0,504.0,501.0,504.0,497.0,527.4,583.0,588.52
2120,2019-06-20,358700.0,507.0,506.0,507.0,499.0,516.6,578.96,586.8533333333334
2120,2019-06-21,720200.0,504.0,493.0,505.0,491.0,510.8,573.68,585.0
2120,2019-06-24,1016000.0,492.0,479.0,492.0,466.0,503.8,567.8,582.9866666666667
2120,2019-06-25,490700.0,479.0,472.0,484.0,471.0,497.2,562.36,580.7066666666667
2120,2019-06-26,464100.0,466.0,467.0,471.0,458.0,489.6,557.44,578.1866666666666
2120,2019-06-27,360200.0,473.0,481.0,481.0,471.0,482.8,553.0,576.2133333333334
2120,2019-06-28,1086300.0,484.0,499.0,502.0,483.0,478.8,548.96,574.6666666666666
2120,2019-07-01,517100.0,505.0,504.0,510.0,501.0,481.4,545.16,573.7333333333332
2120,2019-07-02,266000.0,503.0,505.0,506.0,498.0,486.2,541.0,572.64
2120,2019-07-03,770900.0,507.0,508.0,522.0,505.0,494.4,537.48,571.4266666666666
2120,2019-07-04,394300.0,508.0,511.0,517.0,506.0,501.4,534.08,570.48
2120,2019-07-05,230700.0,511.0,517.0,517.0,511.0,506.8,530.84,569.6933333333334
2120,2019-07-08,228500.0,517.0,513.0,519.0,512.0,509.2,527.92,568.8266666666667
2120,2019-07-09,660300.0,510.0,505.0,514.0,502.0,510.6,524.88,567.8933333333333
2120,2019-07-10,436700.0,505.0,510.0,512.0,498.0,510.2,521.52,566.8933333333333
2120,2019-07-11,573300.0,515.0,513.0,525.0,511.0,511.6,518.68,566.36
2120,2019-07-12,440000.0,518.0,509.0,520.0,508.0,513.0,516.08,565.7466666666667
2120,2019-07-16,566200.0,510.0,512.0,520.0,507.0,511.6,512.84,565.0266666666666
2120,2019-07-17,415200.0,519.0,519.0,522.0,514.0,513.4,510.04,564.28
2120,2019-07-18,543000.0,517.0,502.0,519.0,500.0,515.8,507.48,563.5733333333334
2120,2019-07-19,517700.0,501.0,510.0,517.0,499.0,513.0,505.08,562.3866666666668
2120,2019-07-22,356700.0,512.0,516.0,519.0,509.0,511.8,504.24,561.3466666666667
2120,2019-07-23,275400.0,519.0,518.0,520.0,513.0,513.6,503.92,560.5333333333333
2120,2019-07-24,356800.0,520.0,521.0,522.0,512.0,513.8,504.24,559.6266666666667
2120,2019-07-25,347300.0,521.0,519.0,528.0,518.0,514.6,504.92,558.8266666666667
2120,2019-07-26,277500.0,516.0,519.0,522.0,514.0,517.6,505.28,557.8266666666667
2120,2019-07-29,268000.0,518.0,519.0,524.0,514.0,518.8,505.84,556.8266666666667
2120,2019-07-30,292300.0,519.0,514.0,519.0,510.0,518.8,506.92,555.92
2120,2019-07-31,557700.0,512.0,508.0,518.0,507.0,517.2,508.24,554.9333333333333
2120,2019-08-01,314700.0,502.0,494.0,502.0,493.0,513.4,509.68,553.92
2120,2019-08-02,433800.0,484.0,485.0,490.0,477.0,507.0,510.12,552.5733333333334
2120,2019-08-05,457800.0,477.0,471.0,480.0,458.0,498.8,509.84,551.0
2120,2019-08-06,524800.0,455.0,473.0,474.0,453.0,486.0,507.84,549.2533333333333
2120,2019-08-07,774700.0,471.0,474.0,481.0,462.0,477.8,506.56,547.6266666666667
2120,2019-08-08,4867300.0,536.0,515.0,536.0,486.0,484.6,507.72,546.92
2120,2019-08-09,3872800.0,531.0,590.0,601.0,524.0,494.0,508.64,546.2133333333334
2120,2019-08-13,1127800.0,581.0,595.0,600.0,579.0,514.8,511.44,546.12
2120,2019-08-14,1073500.0,596.0,608.0,610.0,591.0,543.0,514.6,546.12
2120,2019-08-15,1819100.0,600.0,627.0,646.0,596.0,568.8,518.2,546.2
2120,2019-08-16,1089300.0,618.0,608.0,619.0,604.0,585.2,522.72,546.3866666666668
2120,2019-08-19,634100.0,616.0,632.0,636.0,614.0,602.2,526.76,546.5466666666666
2120,2019-08-20,1347700.0,622.0,660.0,662.0,616.0,610.4,530.92,546.7866666666666
2120,2019-08-21,857900.0,653.0,643.0,655.0,632.0,621.8,536.64,547.44
2120,2019-08-22,705800.0,645.0,640.0,658.0,635.0,630.8,541.68,548.08
2120,2019-08-23,900900.0,638.0,628.0,638.0,617.0,634.8,546.52,548.7333333333332
2120,2019-08-26,710400.0,618.0,632.0,643.0,607.0,635.2,551.2,549.08
2120,2019-08-27,532000.0,638.0,650.0,658.0,637.0,638.4,556.24,549.84
2120,2019-08-28,541200.0,649.0,641.0,649.0,628.0,637.6,561.44,550.7466666666667
2120,2019-08-29,443500.0,632.0,647.0,647.0,630.0,635.0,565.92,552.3066666666666
2120,2019-08-30,547100.0,650.0,656.0,657.0,640.0,637.4,571.08,553.0
2120,2019-09-02,427500.0,646.0,650.0,655.0,642.0,643.0,576.28,553.5066666666668
2120,2019-09-03,515600.0,651.0,664.0,664.0,641.0,645.6,581.6,553.7066666666667
2120,2019-09-04,503000.0,656.0,650.0,658.0,643.0,647.0,587.08,553.9333333333333
2120,2019-09-05,725900.0,656.0,651.0,656.0,641.0,651.8,592.84,554.48
2120,2019-09-06,488900.0,644.0,653.0,658.0,641.0,650.6,598.52,555.2133333333334
2120,2019-09-09,565900.0,650.0,656.0,661.0,644.0,651.4,605.16,556.0933333333334
2120,2019-09-10,1020200.0,649.0,635.0,650.0,627.0,651.0,612.04,556.9466666666667
2120,2019-09-11,906400.0,632.0,655.0,657.0,624.0,646.2,619.12,557.3733333333333
2120,2019-09-12,490400.0,655.0,646.0,655.0,635.0,646.0,626.48,558.0133333333333
2120,2019-09-13,699500.0,641.0,630.0,643.0,625.0,645.4,630.68,558.6266666666667
2120,2019-09-17,744200.0,620.0,625.0,634.0,605.0,639.4,634.24,558.9866666666667
2120,2019-09-18,1383000.0,644.0,673.0,675.0,643.0,638.4,636.76,559.68
2120,2019-09-19,1196800.0,667.0,684.0,695.0,666.0,645.4,639.6,560.7066666666667
2120,2019-09-20,760300.0,680.0,692.0,702.0,678.0,650.4,642.8,561.96
2120,2019-09-24,1094800.0,698.0,715.0,732.0,697.0,661.8,646.0,563.4133333333333
2120,2019-09-25,618900.0,715.0,706.0,719.0,700.0,680.8,649.96,565.1333333333333
2120,2019-09-26,814300.0,706.0,682.0,708.0,678.0,693.2,653.32,566.7733333333333
2120,2019-09-27,560600.0,681.0,690.0,693.0,670.0,696.0,654.44,567.9733333333334
2120,2019-09-30,887300.0,689.0,703.0,706.0,684.0,697.8,656.2,569.3066666666666
2120,2019-10-01,476600.0,703.0,715.0,715.0,697.0,698.8,658.8,570.9333333333333
2120,2019-10-02,679900.0,696.0,692.0,700.0,682.0,695.0,661.92,572.7333333333332
2120,2019-10-03,745900.0,684.0,677.0,687.0,669.0,690.6,663.76,574.7466666666667
2120,2019-10-04,820600.0,679.0,675.0,682.0,661.0,690.2,664.96,576.7733333333333
2120,2019-10-07,999300.0,690.0,687.0,696.0,677.0,690.4,667.28,579.1466666666666
2120,2019-10-08,1050000.0,688.0,714.0,715.0,684.0,687.4,668.8,581.6
2120,2019-10-09,1438800.0,710.0,734.0,738.0,710.0,690.2,671.36,584.3066666666666
2120,2019-10-10,972900.0,721.0,722.0,729.0,712.0,697.6,674.16,587.2
2120,2019-10-11,784400.0,712.0,684.0,723.0,682.0,704.2,676.4,590.1333333333333
2120,2019-10-15,591000.0,685.0,682.0,693.0,675.0,703.2,677.56,592.88
2120,2019-10-16,1070000.0,685.0,671.0,690.0,665.0,702.6,679.2,595.8
2120,2019-10-17,658600.0,668.0,680.0,685.0,665.0,694.2,679.92,598.4
2120,2019-10-18,462200.0,670.0,677.0,679.0,669.0,684.0,680.76,600.88
2120,2019-10-21,422300.0,668.0,665.0,676.0,662.0,675.2,682.2,603.0533333333333
2120,2019-10-22,422300.0,668.0,665.0,676.0,662.0,671.8,682.72,605.2533333333333
2120,2019-10-23,830300.0,660.0,679.0,683.0,650.0,666.8,683.48,607.2933333333333
2120,2019-10-24,1290300.0,669.0,643.0,669.0,630.0,667.0,685.44,609.44
2120,2019-10-25,1121000.0,635.0,648.0,649.0,622.0,660.0,685.08,611.0933333333334
2120,2019-10-28,497400.0,646.0,641.0,651.0,635.0,655.6,684.24,612.8133333333334
2120,2019-10-29,481100.0,641.0,647.0,655.0,636.0,650.2,682.68,614.56
2120,2019-10-30,459700.0,649.0,649.0,656.0,641.0,648.0,680.72,616.48
2120,2019-10-31,492300.0,648.0,659.0,663.0,641.0,643.8,678.04,618.2533333333333
2120,2019-11-01,218800.0,658.0,658.0,661.0,652.0,648.4,676.12,620.12
2120,2019-11-05,400500.0,655.0,651.0,661.0,648.0,650.2,675.08,622.0533333333333
2120,2019-11-06,913100.0,650.0,667.0,671.0,648.0,652.0,673.52,623.8
2120,2019-11-07,806900.0,661.0,669.0,671.0,654.0,654.4,671.84,625.72
2120,2019-11-08,849800.0,666.0,665.0,671.0,657.0,658.0,670.64,627.92
2120,2019-11-11,792300.0,670.0,680.0,687.0,666.0,660.4,670.08,630.0266666666666
