date,feature_1,1_open_tomorrow,1_open_2tomorrow
2007-07-02,1,18206.5,18158.8
2007-07-03,1,18158.8,18191.9
2007-07-04,1,18191.9,18184.6
2007-07-05,1,18184.6,18226.1
2007-07-06,1,18226.1,18244.7
2007-07-09,1,18244.7,18116.7
2007-07-10,1,18116.7,18105.9
2007-07-11,1,18105.9,18161.0
2007-07-12,1,18161.0,18269.4
2007-07-13,1,18269.4,18136.1
2007-07-17,1,18136.1,18095.9
2007-07-18,1,18095.9,18148.6
2007-07-19,1,18148.6,17995.7
2007-07-20,1,17995.7,17998.8
2007-07-23,1,17998.8,17811.0
2007-07-24,1,17811.0,17807.2
2007-07-25,1,17807.2,17454.6
2007-07-26,1,17454.6,17138.5
2007-07-27,1,17138.5,17318.0
2007-07-30,1,17318.0,17169.2
2007-07-31,1,17169.2,16956.3
2007-08-01,1,16956.3,17019.8
2007-08-02,1,17019.8,16781.1
2007-08-03,1,16781.1,17009.6
2007-08-06,1,17009.6,16930.4
2007-08-07,1,16930.4,17170.4
2007-08-08,1,17170.4,16923.2
2007-08-09,1,16923.2,16791.8
2007-08-10,1,16791.8,16824.6
2007-08-13,1,16824.6,16659.1
2007-08-14,1,16659.1,16296.4
2007-08-15,1,16296.4,16035.4
2007-08-16,1,16035.4,15477.3
2007-08-17,1,15477.3,15773.9
2007-08-20,1,15773.9,15866.6
2007-08-21,1,15866.6,16093.8
2007-08-22,1,16093.8,16286.0
2007-08-23,1,16286.0,16429.0
2007-08-24,1,16429.0,16214.1
2007-08-27,1,16214.1,16068.1
2007-08-28,1,16068.1,16182.1
2007-08-29,1,16182.1,16271.0
2007-08-30,1,16271.0,16511.1
2007-08-31,1,16511.1,16445.7
2007-09-03,1,16445.7,16506.1
2007-09-04,1,16506.1,16003.9
2007-09-05,1,16003.9,16179.8
2007-09-06,1,16179.8,15906.5
2007-09-07,1,15906.5,15787.9
2007-09-10,1,15787.9,15978.8
2007-09-11,1,15978.8,15886.8
2007-09-12,1,15886.8,15895.0
2007-09-13,1,15895.0,16037.5
2007-09-14,1,16037.5,16038.1
2007-09-18,1,16038.1,16474.7
2007-09-19,1,16474.7,16284.4
2007-09-20,1,16284.4,16317.2
2007-09-21,1,16317.2,16388.5
2007-09-25,1,16388.5,16551.9
2007-09-26,1,16551.9,16903.6
2007-09-27,1,16903.6,16773.1
2007-09-28,1,16773.1,17027.9
2007-10-01,1,17027.9,17066.1
2007-10-02,1,17066.1,17085.3
2007-10-03,1,17085.3,17070.6
2007-10-04,1,17070.6,17166.2
2007-10-05,1,17166.2,17231.1
2007-10-09,1,17231.1,17188.8
2007-10-10,1,17188.8,17417.9
2007-10-11,1,17417.9,17399.7
2007-10-12,1,17399.7,17267.1
2007-10-15,1,17267.1,17114.2
2007-10-16,1,17114.2,16974.7
2007-10-17,1,16974.7,16965.0
2007-10-18,1,16965.0,16563.6
2007-10-19,1,16563.6,16486.7
2007-10-22,1,16486.7,16518.0
2007-10-23,1,16518.0,16368.0
2007-10-24,1,16368.0,16358.6
2007-10-25,1,16358.6,16613.3
2007-10-26,1,16613.3,16655.3
2007-10-29,1,16655.3,16620.6
2007-10-30,1,16620.6,16812.9
2007-10-31,1,16812.9,16647.4
2007-11-01,1,16647.4,16458.1
2007-11-02,1,16458.1,16152.6
2007-11-05,1,16152.6,16325.2
2007-11-06,1,16325.2,15889.0
2007-11-07,1,15889.0,15675.5
2007-11-08,1,15675.5,15377.4
2007-11-09,1,15377.4,15148.2
2007-11-12,1,15148.2,15311.4
2007-11-13,1,15311.4,15536.3
2007-11-14,1,15536.3,15238.7
2007-11-15,1,15238.7,15177.2
2007-11-16,1,15177.2,14869.0
2007-11-19,1,14869.0,15113.8
2007-11-20,1,15113.8,14726.6
2007-11-21,1,14726.6,14921.6
2007-11-22,1,14921.6,14953.9
2007-11-26,1,14953.9,15271.1
2007-11-27,1,15271.1,15339.6
2007-11-28,1,15339.6,15520.5
2007-11-29,1,15520.5,15747.5
2007-11-30,1,15747.5,15613.9
2007-12-03,1,15613.9,15419.0
2007-12-04,1,15419.0,15782.4
2007-12-05,1,15782.4,15992.2
2007-12-06,1,15992.2,16007.3
2007-12-07,1,16007.3,16003.1
2007-12-10,1,16003.1,15828.7
2007-12-11,1,15828.7,15818.5
2007-12-12,1,15818.5,15547.2
2007-12-13,1,15547.2,15433.3
2007-12-14,1,15433.3,15099.2
2007-12-17,1,15099.2,15165.1
2007-12-18,1,15165.1,15151.4
2007-12-19,1,15151.4,15044.3
2007-12-20,1,15044.3,15441.3
2007-12-21,1,15441.3,15614.0
2007-12-25,1,15614.0,15616.4
2007-12-26,1,15616.4,15413.4
2007-12-27,1,15413.4,15155.7
2007-12-28,1,15155.7,14549.4
2008-01-04,1,14549.4,14429.3
2008-01-07,1,14429.3,14364.7
2008-01-08,1,14364.7,14546.3
2008-01-09,1,14546.3,14419.4
2008-01-10,1,14419.4,14134.9
2008-01-11,1,14134.9,13796.7
2008-01-15,1,13796.7,13596.4
2008-01-16,1,13596.4,13577.5
2008-01-17,1,13577.5,13701.4
2008-01-18,1,13701.4,13125.2
2008-01-21,1,13125.2,12756.3
2008-01-22,1,12756.3,12952.5
2008-01-23,1,12952.5,13258.8
2008-01-24,1,13258.8,13482.8
2008-01-25,1,13482.8,13246.7
2008-01-28,1,13246.7,13500.5
2008-01-29,1,13500.5,13227.5
2008-01-30,1,13227.5,13517.7
2008-01-31,1,13517.7,13642.6
2008-02-01,1,13642.6,13806.2
2008-02-04,1,13806.2,13548.5
2008-02-05,1,13548.5,13077.2
2008-02-06,1,13077.2,13143.1
2008-02-07,1,13143.1,12998.9
2008-02-08,1,12998.9,13163.0
2008-02-12,1,13163.0,13254.6
2008-02-13,1,13254.6,13508.5
2008-02-14,1,13508.5,13627.3
2008-02-15,1,13627.3,13761.8
2008-02-18,1,13761.8,13729.8
2008-02-19,1,13729.8,13462.7
2008-02-20,1,13462.7,13530.2
2008-02-21,1,13530.2,13612.3
2008-02-22,1,13612.3,14036.9
2008-02-25,1,14036.9,14007.3
2008-02-26,1,14007.3,13877.9
2008-02-27,1,13877.9,13735.4
2008-02-28,1,13735.4,13412.9
2008-02-29,1,13412.9,13080.3
2008-03-03,1,13080.3,12973.0
2008-03-04,1,12973.0,13068.9
2008-03-05,1,13068.9,13024.6
2008-03-06,1,13024.6,12716.8
2008-03-07,1,12716.8,12392.3
2008-03-10,1,12392.3,12841.9
2008-03-11,1,12841.9,12741.3
2008-03-12,1,12741.3,12509.8
2008-03-13,1,12509.8,12089.0
2008-03-14,1,12089.0,11829.0
2008-03-17,1,11829.0,12142.3
2008-03-18,1,12142.3,12331.6
2008-03-19,1,12331.6,12473.1
2008-03-21,1,12473.1,12639.7
2008-03-24,1,12639.7,12649.0
2008-03-25,1,12649.0,12618.4
2008-03-26,1,12618.4,12594.3
2008-03-27,1,12594.3,12709.3
2008-03-28,1,12709.3,12539.8
2008-03-31,1,12539.8,12836.4
2008-04-01,1,12836.4,13190.2
2008-04-02,1,13190.2,13286.3
2008-04-03,1,13286.3,13240.6
2008-04-04,1,13240.6,13374.0
2008-04-07,1,13374.0,13295.2
2008-04-08,1,13295.2,13029.8
2008-04-09,1,13029.8,13061.8
2008-04-10,1,13061.8,13132.7
2008-04-11,1,13132.7,12952.7
2008-04-14,1,12952.7,13130.7
2008-04-15,1,13130.7,13315.8
2008-04-16,1,13315.8,13426.3
2008-04-17,1,13426.3,13639.8
2008-04-18,1,13639.8,13587.5
2008-04-21,1,13587.5,13455.6
2008-04-22,1,13455.6,13613.8
2008-04-23,1,13613.8,13614.5
2008-04-24,1,13614.5,13908.0
2008-04-25,1,13908.0,13802.9
2008-04-28,1,13802.9,13802.6
2008-04-30,1,13802.6,13944.3
2008-05-01,1,13944.3,14147.6
2008-05-02,1,14147.6,14008.2
2008-05-07,1,14008.2,13941.3
2008-05-08,1,13941.3,13565.9
2008-05-09,1,13565.9,13814.4
2008-05-12,1,13814.4,13962.0
2008-05-13,1,13962.0,14167.0
2008-05-14,1,14167.0,14363.6
2008-05-15,1,14363.6,14294.5
2008-05-16,1,14294.5,14220.1
2008-05-19,1,14220.1,14002.5
2008-05-20,1,14002.5,13772.7
2008-05-21,1,13772.7,13945.1
2008-05-22,1,13945.1,13876.0
2008-05-23,1,13876.0,13750.8
2008-05-26,1,13750.8,13937.1
2008-05-27,1,13937.1,13832.7
2008-05-28,1,13832.7,14195.7
2008-05-29,1,14195.7,14343.0
2008-05-30,1,14343.0,14275.6
2008-06-02,1,14275.6,14270.1
2008-06-03,1,14270.1,14392.6
2008-06-04,1,14392.6,14530.4
2008-06-05,1,14530.4,14275.3
2008-06-06,1,14275.3,14281.4
2008-06-09,1,14281.4,14137.5
2008-06-10,1,14137.5,14010.3
2008-06-11,1,14010.3,14011.1
2008-06-12,1,14011.1,14118.2
2008-06-13,1,14118.2,14387.0
2008-06-16,1,14387.0,14301.4
2008-06-17,1,14301.4,14324.7
2008-06-18,1,14324.7,14171.0
2008-06-19,1,14171.0,13769.4
2008-06-20,1,13769.4,13766.3
2008-06-23,1,13766.3,13820.8
2008-06-24,1,13820.8,13845.4
2008-06-25,1,13845.4,13605.3
2008-06-26,1,13605.3,13584.5
2008-06-27,1,13584.5,13514.9
2008-06-30,1,13514.9,13489.9
2008-07-01,1,13489.9,13161.8
2008-07-02,1,13161.8,13285.5
2008-07-03,1,13285.5,13212.8
2008-07-04,1,13212.8,13286.5
2008-07-07,1,13286.5,13169.9
2008-07-08,1,13169.9,12934.3
2008-07-09,1,12934.3,13063.5
2008-07-10,1,13063.5,13022.3
2008-07-11,1,13022.3,12902.1
2008-07-14,1,12902.1,12725.1
2008-07-15,1,12725.1,12889.8
2008-07-16,1,12889.8,12976.2
2008-07-17,1,12976.2,12944.6
2008-07-18,1,12944.6,13259.7
2008-07-22,1,13259.7,13411.3
2008-07-23,1,13411.3,13452.4
2008-07-24,1,13452.4,13407.4
2008-07-25,1,13407.4,13220.3
2008-07-28,1,13220.3,13267.4
2008-07-29,1,13267.4,13410.4
2008-07-30,1,13410.4,13276.6
2008-07-31,1,13276.6,13083.3
2008-08-01,1,13083.3,12957.0
2008-08-04,1,12957.0,13059.4
2008-08-05,1,13059.4,13258.0
2008-08-06,1,13258.0,13026.5
2008-08-07,1,13026.5,13259.5
2008-08-08,1,13259.5,13398.0
2008-08-11,1,13398.0,13205.6
2008-08-12,1,13205.6,12942.6
2008-08-13,1,12942.6,12991.9
2008-08-14,1,12991.9,12971.5
2008-08-15,1,12971.5,13016.5
2008-08-18,1,13016.5,12754.0
2008-08-19,1,12754.0,12885.3
2008-08-20,1,12885.3,12727.4
2008-08-21,1,12727.4,12797.5
2008-08-22,1,12797.5,12711.0
2008-08-25,1,12711.0,12734.4
2008-08-26,1,12734.4,12827.7
2008-08-27,1,12827.7,12925.5
2008-08-28,1,12925.5,12936.8
2008-08-29,1,12936.8,12779.9
2008-09-01,1,12779.9,12703.4
2008-09-02,1,12703.4,12627.6
2008-09-03,1,12627.6,12385.7
2008-09-04,1,12385.7,12359.9
2008-09-05,1,12359.9,12530.0
2008-09-08,1,12530.0,12249.1
2008-09-09,1,12249.1,12237.5
2008-09-10,1,12237.5,12256.8
2008-09-11,1,12256.8,12028.5
2008-09-12,1,12028.5,11737.6
2008-09-16,1,11737.6,11576.9
2008-09-17,1,11576.9,11631.6
2008-09-18,1,11631.6,12037.9
2008-09-19,1,12037.9,12032.0
2008-09-22,1,12032.0,11925.7
2008-09-24,1,11925.7,12026.3
2008-09-25,1,12026.3,11883.2
2008-09-26,1,11883.2,11565.7
2008-09-29,1,11565.7,11396.6
2008-09-30,1,11396.6,11423.1
2008-10-01,1,11423.1,11052.1
2008-10-02,1,11052.1,10817.3
2008-10-03,1,10817.3,10328.5
2008-10-06,1,10328.5,10011.6
2008-10-07,1,10011.6,9168.16
2008-10-08,1,9168.16,9016.34
2008-10-09,1,9016.34,8407.94
2008-10-10,1,8407.94,9390.5
2008-10-14,1,9390.5,9400.85
2008-10-15,1,9400.85,8579.57
2008-10-16,1,8579.57,8775.24
2008-10-17,1,8775.24,9139.26
2008-10-20,1,9139.26,9198.14
2008-10-21,1,9198.14,8547.79
2008-10-22,1,8547.79,8391.04
2008-10-23,1,8391.04,7568.36
2008-10-24,1,7568.36,7143.34
2008-10-27,1,7143.34,7741.52
2008-10-28,1,7741.52,8269.71
2008-10-29,1,8269.71,8958.22
2008-10-30,1,8958.22,8702.77
2008-10-31,1,8702.77,9224.05
2008-11-04,1,9224.05,9373.65
2008-11-05,1,9373.65,8774.49
2008-11-06,1,8774.49,8711.99
2008-11-07,1,8711.99,8965.29
2008-11-10,1,8965.29,8694.91
2008-11-11,1,8694.91,8564.47
2008-11-12,1,8564.47,8378.13
2008-11-13,1,8378.13,8366.88
2008-11-14,1,8366.88,8415.6
2008-11-17,1,8415.6,8309.35
2008-11-18,1,8309.35,8149.77
2008-11-19,1,8149.77,7600.35
2008-11-20,1,7600.35,8026.06
2008-11-21,1,8026.06,8229.72
2008-11-25,1,8229.72,8311.24
2008-11-26,1,8311.24,8400.05
2008-11-27,1,8400.05,8464.36
2008-11-28,1,8464.36,8266.32
2008-12-01,1,8266.32,7965.31
2008-12-02,1,7965.31,8030.2
2008-12-03,1,8030.2,7975.05
2008-12-04,1,7975.05,7970.69
2008-12-05,1,7970.69,8362.37
2008-12-08,1,8362.37,8376.0
2008-12-09,1,8376.0,8642.26
2008-12-10,1,8642.26,8599.12
2008-12-11,1,8599.12,8349.85
2008-12-12,1,8349.85,8608.4
2008-12-15,1,8608.4,8658.22
2008-12-16,1,8658.22,8565.16
2008-12-17,1,8565.16,8640.22
2008-12-18,1,8640.22,8602.5
2008-12-19,1,8602.5,8630.25
2008-12-22,1,8630.25,8531.51
2008-12-24,1,8531.51,8642.14
2008-12-25,1,8642.14,8726.31
2008-12-26,1,8726.31,8716.28
2008-12-29,1,8716.28,8991.21
2008-12-30,1,8991.21,9130.01
2009-01-05,1,9130.01,9133.8
2009-01-06,1,9133.8,9143.21
2009-01-07,1,9143.21,8932.71
2009-01-08,1,8932.71,8732.63
2009-01-09,1,8732.63,8425.75
2009-01-13,1,8425.75,8309.38
2009-01-14,1,8309.38,8125.2
2009-01-15,1,8125.2,8318.26
2009-01-16,1,8318.26,8187.14
2009-01-19,1,8187.14,7949.96
2009-01-20,1,7949.96,7988.3
2009-01-21,1,7988.3,7965.41
2009-01-22,1,7965.41,7714.26
2009-01-23,1,7714.26,7782.9
2009-01-26,1,7782.9,8052.25
2009-01-27,1,8052.25,8201.16
2009-01-28,1,8201.16,8142.88
2009-01-29,1,8142.88,7908.51
2009-01-30,1,7908.51,7862.95
2009-02-02,1,7862.95,7897.24
2009-02-03,1,7897.24,7985.53
2009-02-04,1,7985.53,8054.27
2009-02-05,1,8054.27,8178.07
2009-02-06,1,8178.07,8066.94
2009-02-09,1,8066.94,7842.53
2009-02-10,1,7842.53,7789.35
2009-02-12,1,7789.35,7732.68
2009-02-13,1,7732.68,7690.13
2009-02-16,1,7690.13,7539.96
2009-02-17,1,7539.96,7604.22
2009-02-18,1,7604.22,7544.07
2009-02-19,1,7544.07,7314.3
2009-02-20,1,7314.3,7266.68
2009-02-23,1,7266.68,7368.44
2009-02-24,1,7368.44,7470.6
2009-02-25,1,7470.6,7463.42
2009-02-26,1,7463.42,7454.28
2009-02-27,1,7454.28,7177.79
2009-03-02,1,7177.79,7146.71
2009-03-03,1,7146.71,7336.02
2009-03-04,1,7336.02,7328.29
2009-03-05,1,7328.29,7191.13
2009-03-06,1,7191.13,7059.77
2009-03-09,1,7059.77,7165.39
2009-03-10,1,7165.39,7320.45
2009-03-11,1,7320.45,7301.12
2009-03-12,1,7301.12,7630.2
2009-03-13,1,7630.2,7767.34
2009-03-16,1,7767.34,8006.86
2009-03-17,1,8006.86,8017.93
2009-03-18,1,8017.93,7943.14
2009-03-19,1,7943.14,8334.68
2009-03-23,1,8334.68,8499.69
2009-03-24,1,8499.69,8430.22
2009-03-25,1,8430.22,8711.72
2009-03-26,1,8711.72,8621.85
2009-03-27,1,8621.85,8199.43
2009-03-30,1,8199.43,8173.36
2009-03-31,1,8173.36,8453.73
2009-04-01,1,8453.73,8814.1
2009-04-02,1,8814.1,8856.84
2009-04-03,1,8856.84,8838.66
2009-04-06,1,8838.66,8746.73
2009-04-07,1,8746.73,8665.16
2009-04-08,1,8665.16,9041.23
2009-04-09,1,9041.23,8930.35
2009-04-10,1,8930.35,8955.9
2009-04-13,1,8955.9,8777.68
2009-04-14,1,8777.68,8848.43
2009-04-15,1,8848.43,8854.33
2009-04-16,1,8854.33,8899.59
2009-04-17,1,8899.59,8802.09
2009-04-20,1,8802.09,8777.53
2009-04-21,1,8777.53,8776.94
2009-04-22,1,8776.94,8832.1
2009-04-23,1,8832.1,8783.34
2009-04-24,1,8783.34,8678.28
2009-04-27,1,8678.28,8615.45
2009-04-28,1,8615.45,8848.84
2009-04-30,1,8848.84,9102.35
2009-05-01,1,9102.35,9351.4
2009-05-07,1,9351.4,9460.72
2009-05-08,1,9460.72,9358.25
2009-05-11,1,9358.25,9305.79
2009-05-12,1,9305.79,9212.3
2009-05-13,1,9212.3,9150.21
2009-05-14,1,9150.21,9167.05
2009-05-15,1,9167.05,9172.56
2009-05-18,1,9172.56,9372.72
2009-05-19,1,9372.72,9280.35
2009-05-20,1,9280.35,9156.14
2009-05-21,1,9156.14,9245.95
2009-05-22,1,9245.95,9364.22
2009-05-25,1,9364.22,9426.62
2009-05-26,1,9426.62,9353.33
2009-05-27,1,9353.33,9478.21
2009-05-28,1,9478.21,9517.49
2009-05-29,1,9517.49,9774.55
2009-06-01,1,9774.55,9723.82
2009-06-02,1,9723.82,9690.93
2009-06-03,1,9690.93,9752.51
2009-06-04,1,9752.51,9829.28
2009-06-05,1,9829.28,9824.17
2009-06-08,1,9824.17,9833.64
2009-06-09,1,9833.64,9992.98
2009-06-10,1,9992.98,10088.2
2009-06-11,1,10088.2,10126.5
2009-06-12,1,10126.5,9914.4
2009-06-15,1,9914.4,9705.73
2009-06-16,1,9705.73,9778.35
2009-06-17,1,9778.35,9757.85
2009-06-18,1,9757.85,9788.07
2009-06-19,1,9788.07,9695.76
2009-06-22,1,9695.76,9596.78
2009-06-23,1,9596.78,9628.18
2009-06-24,1,9628.18,9852.92
2009-06-25,1,9852.92,9866.28
2009-06-26,1,9866.28,9896.56
2009-06-29,1,9896.56,9889.34
2009-06-30,1,9889.34,9993.77
2009-07-01,1,9993.77,9751.69
2009-07-02,1,9751.69,9738.49
2009-07-03,1,9738.49,9713.62
2009-07-06,1,9713.62,9548.81
2009-07-07,1,9548.81,9342.33
2009-07-08,1,9342.33,9338.76
2009-07-09,1,9338.76,9242.13
2009-07-10,1,9242.13,9173.14
2009-07-13,1,9173.14,9307.45
2009-07-14,1,9307.45,9393.98
2009-07-15,1,9393.98,9413.86
2009-07-16,1,9413.86,9512.52
2009-07-17,1,9512.52,9642.79
2009-07-21,1,9642.79,9712.1
2009-07-22,1,9712.1,9909.4
2009-07-23,1,9909.4,10020.9
2009-07-24,1,10020.9,10116.9
2009-07-27,1,10116.9,10035.9
2009-07-28,1,10035.9,10155.7
2009-07-29,1,10155.7,10275.1
2009-07-30,1,10275.1,10355.2
2009-07-31,1,10355.2,10438.4
2009-08-03,1,10438.4,10405.0
2009-08-04,1,10405.0,10266.0
2009-08-05,1,10266.0,10365.7
2009-08-06,1,10365.7,10530.6
2009-08-07,1,10530.6,10514.7
2009-08-10,1,10514.7,10486.4
2009-08-11,1,10486.4,10508.1
2009-08-12,1,10508.1,10551.3
2009-08-13,1,10551.3,10521.0
2009-08-14,1,10521.0,10208.1
2009-08-17,1,10208.1,10270.0
2009-08-18,1,10270.0,10254.5
2009-08-19,1,10254.5,10375.2
2009-08-20,1,10375.2,10389.6
2009-08-21,1,10389.6,10515.6
2009-08-24,1,10515.6,10554.4
2009-08-25,1,10554.4,10570.8
2009-08-26,1,10570.8,10546.9
2009-08-27,1,10546.9,10608.2
2009-08-28,1,10608.2,10453.4
2009-08-31,1,10453.4,10378.1
2009-09-01,1,10378.1,10240.0
2009-09-02,1,10240.0,10256.5
2009-09-03,1,10256.5,10288.6
2009-09-04,1,10288.6,10353.5
2009-09-07,1,10353.5,10343.8
2009-09-08,1,10343.8,10385.3
2009-09-09,1,10385.3,10519.3
2009-09-10,1,10519.3,10388.3
2009-09-11,1,10388.3,10255.7
2009-09-14,1,10255.7,10288.7
2009-09-15,1,10288.7,10373.2
2009-09-16,1,10373.2,10379.2
2009-09-17,1,10379.2,10405.5
2009-09-18,1,10405.5,10395.5
2009-09-24,1,10395.5,10136.2
2009-09-25,1,10136.2,10089.1
2009-09-28,1,10089.1,10105.2
2009-09-29,1,10105.2,10072.6
2009-09-30,1,10072.6,9848.07
2009-10-01,1,9848.07,9733.07
2009-10-02,1,9733.07,9744.42
2009-10-05,1,9744.42,9750.24
2009-10-06,1,9750.24,9806.03
2009-10-07,1,9806.03,9893.63
2009-10-08,1,9893.63,10066.8
2009-10-09,1,10066.8,10096.0
2009-10-13,1,10096.0,10194.9
2009-10-14,1,10194.9,10276.4
2009-10-15,1,10276.4,10179.5
2009-10-16,1,10179.5,10329.3
2009-10-19,1,10329.3,10292.4
2009-10-20,1,10292.4,10251.1
2009-10-21,1,10251.1,10335.3
2009-10-22,1,10335.3,10271.8
2009-10-23,1,10271.8,10283.5
2009-10-26,1,10283.5,10182.1
2009-10-27,1,10182.1,9941.57
2009-10-28,1,9941.57,10006.8
2009-10-29,1,10006.8,9903.77
2009-10-30,1,9903.77,9785.28
2009-11-02,1,9785.28,9803.5
2009-11-04,1,9803.5,9812.73
2009-11-05,1,9812.73,9777.64
2009-11-06,1,9777.64,9904.68
2009-11-09,1,9904.68,9890.18
2009-11-10,1,9890.18,9921.45
2009-11-11,1,9921.45,9793.19
2009-11-12,1,9793.19,9784.14
2009-11-13,1,9784.14,9834.58
2009-11-16,1,9834.58,9723.23
2009-11-17,1,9723.23,9691.86
2009-11-18,1,9691.86,9460.21
2009-11-19,1,9460.21,9511.0
2009-11-20,1,9511.0,9381.9
2009-11-24,1,9381.9,9354.8
2009-11-25,1,9354.8,9257.2
2009-11-26,1,9257.2,9189.17
2009-11-27,1,9189.17,9281.82
2009-11-30,1,9281.82,9551.79
2009-12-01,1,9551.79,9707.02
2009-12-02,1,9707.02,10019.2
2009-12-03,1,10019.2,10131.9
2009-12-04,1,10131.9,10079.8
2009-12-07,1,10079.8,10048.9
2009-12-08,1,10048.9,9964.05
2009-12-09,1,9964.05,9958.0
2009-12-10,1,9958.0,10126.6
2009-12-11,1,10126.6,10053.5
2009-12-14,1,10053.5,10179.3
2009-12-15,1,10179.3,10199.9
2009-12-16,1,10199.9,10110.6
2009-12-17,1,10110.6,10196.7
2009-12-18,1,10196.7,10256.0
2009-12-21,1,10256.0,10413.4
2009-12-22,1,10413.4,10547.0
2009-12-24,1,10547.0,10521.8
2009-12-25,1,10521.8,10611.8
2009-12-28,1,10611.8,10707.5
2009-12-29,1,10707.5,10609.3
2009-12-30,1,10609.3,10719.4
2010-01-04,1,10719.4,10709.5
2010-01-05,1,10709.5,10742.8
2010-01-06,1,10742.8,10743.3
2010-01-07,1,10743.3,10770.3
2010-01-08,1,10770.3,10795.5
2010-01-12,1,10795.5,10778.1
2010-01-13,1,10778.1,10917.4
2010-01-14,1,10917.4,10887.6
2010-01-15,1,10887.6,10866.8
2010-01-18,1,10866.8,10834.9
2010-01-19,1,10834.9,10704.8
2010-01-20,1,10704.8,10740.2
2010-01-21,1,10740.2,10478.3
2010-01-22,1,10478.3,10506.2
2010-01-25,1,10506.2,10344.1
2010-01-26,1,10344.1,10309.7
2010-01-27,1,10309.7,10308.0
2010-01-28,1,10308.0,10212.4
2010-01-29,1,10212.4,10311.0
2010-02-01,1,10311.0,10428.1
2010-02-02,1,10428.1,10434.5
2010-02-03,1,10434.5,10162.3
2010-02-04,1,10162.3,10007.5
2010-02-05,1,10007.5,9876.61
2010-02-08,1,9876.61,10024.3
2010-02-09,1,10024.3,10085.3
2010-02-10,1,10085.3,10097.8
2010-02-12,1,10097.8,10044.5
2010-02-15,1,10044.5,10161.7
2010-02-16,1,10161.7,10325.0
2010-02-17,1,10325.0,10334.4
2010-02-18,1,10334.4,10302.1
2010-02-19,1,10302.1,10327.6
2010-02-22,1,10327.6,10205.2
2010-02-23,1,10205.2,10256.1
2010-02-24,1,10256.1,10107.1
2010-02-25,1,10107.1,10128.7
2010-02-26,1,10128.7,10199.2
2010-03-01,1,10199.2,10194.0
2010-03-02,1,10194.0,10255.7
2010-03-03,1,10255.7,10254.6
2010-03-04,1,10254.6,10538.1
2010-03-05,1,10538.1,10567.3
2010-03-08,1,10567.3,10555.8
2010-03-09,1,10555.8,10628.0
2010-03-10,1,10628.0,10777.5
2010-03-11,1,10777.5,10802.1
2010-03-12,1,10802.1,10718.6
2010-03-15,1,10718.6,10789.2
2010-03-16,1,10789.2,10841.7
2010-03-17,1,10841.7,10785.9
2010-03-18,1,10785.9,10793.0
2010-03-19,1,10793.0,10829.4
2010-03-23,1,10829.4,10857.8
2010-03-24,1,10857.8,10895.3
2010-03-25,1,10895.3,10910.0
2010-03-26,1,10910.0,11022.2
2010-03-29,1,11022.2,11138.7
2010-03-30,1,11138.7,11178.9
2010-03-31,1,11178.9,11274.2
2010-04-01,1,11274.2,11380.6
2010-04-02,1,11380.6,11350.7
2010-04-05,1,11350.7,11296.3
2010-04-06,1,11296.3,11179.7
2010-04-07,1,11179.7,11174.6
2010-04-08,1,11174.6,11300.8
2010-04-09,1,11300.8,11202.9
2010-04-12,1,11202.9,11213.5
2010-04-13,1,11213.5,11310.1
2010-04-14,1,11310.1,11230.5
2010-04-15,1,11230.5,10929.6
2010-04-16,1,10929.6,10960.1
2010-04-19,1,10960.1,11031.8
2010-04-20,1,11031.8,10988.0
2010-04-21,1,10988.0,10930.9
2010-04-22,1,10930.9,11039.6
2010-04-23,1,11039.6,11109.3
2010-04-26,1,11109.3,11005.5
2010-04-27,1,11005.5,11062.1
2010-04-28,1,11062.1,10847.9
2010-04-30,1,10847.9,10472.7
2010-05-06,1,10472.7,10399.0
2010-05-07,1,10399.0,10643.2
2010-05-10,1,10643.2,10465.0
2010-05-11,1,10465.0,10542.8
2010-05-12,1,10542.8,10453.4
2010-05-13,1,10453.4,10329.4
2010-05-14,1,10329.4,10313.1
2010-05-17,1,10313.1,10087.3
2010-05-18,1,10087.3,10121.8
2010-05-19,1,10121.8,9823.84
2010-05-20,1,9823.84,9754.99
2010-05-21,1,9754.99,9632.14
2010-05-24,1,9632.14,9567.35
2010-05-25,1,9567.35,9419.3
2010-05-26,1,9419.3,9806.06
2010-05-27,1,9806.06,9735.47
2010-05-28,1,9735.47,9747.26
2010-05-31,1,9747.26,9604.45
2010-06-01,1,9604.45,9758.82
2010-06-02,1,9758.82,9909.24
2010-06-03,1,9909.24,9705.36
2010-06-04,1,9705.36,9448.79
2010-06-07,1,9448.79,9475.57
2010-06-08,1,9475.57,9476.78
2010-06-09,1,9476.78,9701.32
2010-06-10,1,9701.32,9824.93
2010-06-11,1,9824.93,9845.65
2010-06-14,1,9845.65,10043.1
2010-06-15,1,10043.1,10009.2
2010-06-16,1,10009.2,10028.0
2010-06-17,1,10028.0,10109.3
2010-06-18,1,10109.3,10131.9
2010-06-21,1,10131.9,9973.0
2010-06-22,1,9973.0,9902.62
2010-06-23,1,9902.62,9778.7
2010-06-24,1,9778.7,9758.91
2010-06-25,1,9758.91,9718.4
2010-06-28,1,9718.4,9396.45
2010-06-29,1,9396.45,9296.86
2010-06-30,1,9296.86,9234.56
2010-07-01,1,9234.56,9230.0
2010-07-02,1,9230.0,9158.28
2010-07-05,1,9158.28,9322.56
2010-07-06,1,9322.56,9462.82
2010-07-07,1,9462.82,9601.62
2010-07-08,1,9601.62,9540.47
2010-07-09,1,9540.47,9592.87
2010-07-12,1,9592.87,9707.5
2010-07-13,1,9707.5,9701.14
2010-07-14,1,9701.14,9600.88
2010-07-15,1,9600.88,9267.24
2010-07-16,1,9267.24,9404.07
2010-07-20,1,9404.07,9216.28
2010-07-21,1,9216.28,9380.12
2010-07-22,1,9380.12,9520.73
2010-07-23,1,9520.73,9512.67
2010-07-26,1,9512.67,9614.47
2010-07-27,1,9614.47,9653.51
2010-07-28,1,9653.51,9658.61
2010-07-29,1,9658.61,9574.64
2010-07-30,1,9574.64,9716.57
2010-08-02,1,9716.57,9606.82
2010-08-03,1,9606.82,9640.34
2010-08-04,1,9640.34,9560.65
2010-08-05,1,9560.65,9535.51
2010-08-06,1,9535.51,9629.97
2010-08-09,1,9629.97,9423.03
2010-08-10,1,9423.03,9125.49
2010-08-11,1,9125.49,9214.81
2010-08-12,1,9214.81,9145.22
2010-08-13,1,9145.22,9089.85
2010-08-16,1,9089.85,9261.5
2010-08-17,1,9261.5,9242.84
2010-08-18,1,9242.84,9239.36
2010-08-19,1,9239.36,9147.24
2010-08-20,1,9147.24,9024.6
2010-08-23,1,9024.6,8904.44
2010-08-24,1,8904.44,8908.02
2010-08-25,1,8908.02,8811.47
2010-08-26,1,8811.47,9141.45
2010-08-27,1,9141.45,8998.8
2010-08-30,1,8998.8,8833.32
2010-08-31,1,8833.32,9069.62
2010-09-01,1,9069.62,9097.59
2010-09-02,1,9097.59,9199.99
2010-09-03,1,9199.99,9232.02
2010-09-06,1,9232.02,9098.86
2010-09-07,1,9098.86,9120.54
2010-09-08,1,9120.54,9132.25
2010-09-09,1,9132.25,9325.64
2010-09-10,1,9325.64,9319.5
2010-09-13,1,9319.5,9243.48
2010-09-14,1,9243.48,9613.89
2010-09-15,1,9613.89,9581.65
2010-09-16,1,9581.65,9700.88
2010-09-17,1,9700.88,9563.2
2010-09-21,1,9563.2,9435.04
2010-09-22,1,9435.04,9557.37
2010-09-24,1,9557.37,9547.03
2010-09-27,1,9547.03,9530.05
2010-09-28,1,9530.05,9554.83
2010-09-29,1,9554.83,9440.52
2010-09-30,1,9440.52,9410.92
2010-10-01,1,9410.92,9337.43
2010-10-04,1,9337.43,9588.47
2010-10-05,1,9588.47,9661.09
2010-10-06,1,9661.09,9675.59
2010-10-07,1,9675.59,9648.59
2010-10-08,1,9648.59,9473.78
2010-10-12,1,9473.78,9515.17
2010-10-13,1,9515.17,9551.21
2010-10-14,1,9551.21,9517.68
2010-10-15,1,9517.68,9490.09
2010-10-18,1,9490.09,9399.65
2010-10-19,1,9399.65,9443.95
2010-10-20,1,9443.95,9404.09
2010-10-21,1,9404.09,9424.44
2010-10-22,1,9424.44,9386.55
2010-10-25,1,9386.55,9436.01
2010-10-26,1,9436.01,9368.61
2010-10-27,1,9368.61,9327.25
2010-10-28,1,9327.25,9166.85
2010-10-29,1,9166.85,9140.28
2010-11-01,1,9140.28,9282.79
2010-11-02,1,9282.79,9500.6
2010-11-04,1,9500.6,9699.79
2010-11-05,1,9699.79,9667.44
2010-11-08,1,9667.44,9748.61
2010-11-09,1,9748.61,9878.11
2010-11-10,1,9878.11,9810.3
2010-11-11,1,9810.3,9782.11
2010-11-12,1,9782.11,9892.82
2010-11-15,1,9892.82,9693.21
2010-11-16,1,9693.21,9820.6
2010-11-17,1,9820.6,10124.8
2010-11-18,1,10124.8,10133.5
2010-11-19,1,10133.5,9942.54
2010-11-22,1,9942.54,10117.8
2010-11-24,1,10117.8,10078.1
2010-11-25,1,10078.1,10075.7
2010-11-26,1,10075.7,10070.3
2010-11-29,1,10070.3,9939.8
2010-11-30,1,9939.8,10151.2
2010-12-01,1,10151.2,10231.8
2010-12-02,1,10231.8,10175.2
2010-12-03,1,10175.2,10152.9
2010-12-06,1,10152.9,10200.2
2010-12-07,1,10200.2,10277.9
2010-12-08,1,10277.9,10373.7
2010-12-09,1,10373.7,10212.5
2010-12-10,1,10212.5,10272.7
2010-12-13,1,10272.7,10338.1
2010-12-14,1,10338.1,10297.5
2010-12-15,1,10297.5,10307.2
2010-12-16,1,10307.2,10296.5
2010-12-17,1,10296.5,10277.1
2010-12-20,1,10277.1,10348.5
2010-12-21,1,10348.5,10276.0
2010-12-22,1,10276.0,10292.8
2010-12-24,1,10292.8,10330.0
2010-12-27,1,10330.0,10282.8
2010-12-28,1,10282.8,10303.1
2010-12-29,1,10303.1,10352.2
2010-12-30,1,10352.2,10388.0
2011-01-04,1,10388.0,10477.5
2011-01-05,1,10477.5,10506.7
2011-01-06,1,10506.7,10484.6
2011-01-07,1,10484.6,10562.3
2011-01-11,1,10562.3,10593.5
2011-01-12,1,10593.5,10502.8
2011-01-13,1,10502.8,10562.1
2011-01-14,1,10562.1,10461.0
2011-01-17,1,10461.0,10567.9
2011-01-18,1,10567.9,10492.3
2011-01-19,1,10492.3,10459.0
2011-01-20,1,10459.0,10318.6
2011-01-21,1,10318.6,10374.6
2011-01-24,1,10374.6,10410.3
2011-01-25,1,10410.3,10466.3
2011-01-26,1,10466.3,10460.3
2011-01-27,1,10460.3,10220.0
2011-01-28,1,10220.0,10281.5
2011-01-31,1,10281.5,10368.5
2011-02-01,1,10368.5,10424.7
2011-02-02,1,10424.7,10526.4
2011-02-03,1,10526.4,10641.3
2011-02-04,1,10641.3,10645.0
2011-02-07,1,10645.0,10686.7
2011-02-08,1,10686.7,10574.8
2011-02-09,1,10574.8,10689.7
2011-02-10,1,10689.7,10738.8
2011-02-14,1,10738.8,10758.9
2011-02-15,1,10758.9,10882.9
2011-02-16,1,10882.9,10829.2
2011-02-17,1,10829.2,10820.8
2011-02-18,1,10820.8,10745.5
2011-02-21,1,10745.5,10588.8
2011-02-22,1,10588.8,10533.2
2011-02-23,1,10533.2,10475.8
2011-02-24,1,10475.8,10504.5
2011-02-25,1,10504.5,10676.2
2011-02-28,1,10676.2,10609.3
2011-03-01,1,10609.3,10529.8
2011-03-02,1,10529.8,10730.9
2011-03-03,1,10730.9,10627.0
2011-03-04,1,10627.0,10513.1
2011-03-07,1,10513.1,10607.2
2011-03-08,1,10607.2,10544.1
2011-03-09,1,10544.1,10298.6
2011-03-10,1,10298.6,10044.2
2011-03-11,1,10044.2,9441.66
2011-03-14,1,9441.66,8767.2
2011-03-15,1,8767.2,8913.35
2011-03-16,1,8913.35,9083.95
2011-03-17,1,9083.95,9403.05
2011-03-18,1,9403.05,9590.38
2011-03-22,1,9590.38,9479.77
2011-03-23,1,9479.77,9565.49
2011-03-24,1,9565.49,9541.76
2011-03-25,1,9541.76,9348.6
2011-03-28,1,9348.6,9489.51
2011-03-29,1,9489.51,9765.28
2011-03-30,1,9765.28,9757.28
2011-03-31,1,9757.28,9773.91
2011-04-01,1,9773.91,9732.26
2011-04-04,1,9732.26,9668.11
2011-04-05,1,9668.11,9652.65
2011-04-06,1,9652.65,9586.17
2011-04-07,1,9586.17,9731.32
2011-04-08,1,9731.32,9603.5
2011-04-11,1,9603.5,9516.5
2011-04-12,1,9516.5,9579.79
2011-04-13,1,9579.79,9646.22
2011-04-14,1,9646.22,9593.41
2011-04-15,1,9593.41,9448.65
2011-04-18,1,9448.65,9536.79
2011-04-19,1,9536.79,9686.27
2011-04-20,1,9686.27,9623.0
2011-04-21,1,9623.0,9705.9
2011-04-22,1,9705.9,9627.43
2011-04-25,1,9627.43,9631.53
2011-04-26,1,9631.53,9749.36
2011-04-27,1,9749.36,9964.39
2011-04-28,1,9964.39,9851.15
2011-05-02,1,9851.15,9881.67
2011-05-06,1,9881.67,9804.27
2011-05-09,1,9804.27,9912.48
2011-05-10,1,9912.48,9770.71
2011-05-11,1,9770.71,9751.45
2011-05-12,1,9751.45,9571.13
2011-05-13,1,9571.13,9513.5
2011-05-16,1,9513.5,9602.88
2011-05-17,1,9602.88,9711.32
2011-05-18,1,9711.32,9612.87
2011-05-19,1,9612.87,9547.86
2011-05-20,1,9547.86,9406.04
2011-05-23,1,9406.04,9492.43
2011-05-24,1,9492.43,9499.45
2011-05-25,1,9499.45,9514.16
2011-05-26,1,9514.16,9489.78
2011-05-27,1,9489.78,9500.6
2011-05-30,1,9500.6,9708.05
2011-05-31,1,9708.05,9560.63
2011-06-01,1,9560.63,9550.59
2011-06-02,1,9550.59,9467.37
2011-06-03,1,9467.37,9371.21
2011-06-06,1,9371.21,9428.62
2011-06-07,1,9428.62,9411.71
2011-06-08,1,9411.71,9536.84
2011-06-09,1,9536.84,9405.16
2011-06-10,1,9405.16,9446.84
2011-06-13,1,9446.84,9589.54
2011-06-14,1,9589.54,9478.63
2011-06-15,1,9478.63,9443.32
2011-06-16,1,9443.32,9383.24
2011-06-17,1,9383.24,9420.43
2011-06-20,1,9420.43,9525.25
2011-06-21,1,9525.25,9557.72
2011-06-22,1,9557.72,9626.43
2011-06-23,1,9626.43,9633.92
2011-06-24,1,9633.92,9668.01
2011-06-27,1,9668.01,9767.91
2011-06-28,1,9767.91,9838.09
2011-06-29,1,9838.09,9878.69
2011-06-30,1,9878.69,9980.16
2011-07-01,1,9980.16,9959.39
2011-07-04,1,9959.39,9987.25
2011-07-05,1,9987.25,10047.2
2011-07-06,1,10047.2,10205.7
2011-07-07,1,10205.7,10069.0
2011-07-08,1,10069.0,9943.32
2011-07-11,1,9943.32,9891.11
2011-07-12,1,9891.11,9929.18
2011-07-13,1,9929.18,9919.59
2011-07-14,1,9919.59,9921.5
2011-07-15,1,9921.5,10008.0
2011-07-19,1,10008.0,10019.9
2011-07-20,1,10019.9,10096.9
2011-07-21,1,10096.9,10080.8
2011-07-22,1,10080.8,10078.5
2011-07-25,1,10078.5,10048.3
2011-07-26,1,10048.3,9936.97
2011-07-27,1,9936.97,9866.82
2011-07-28,1,9866.82,9907.04
2011-07-29,1,9907.04,9872.17
2011-08-01,1,9872.17,9705.02
2011-08-02,1,9705.02,9685.5
2011-08-03,1,9685.5,9469.16
2011-08-04,1,9469.16,9169.67
2011-08-05,1,9169.67,8911.8
2011-08-08,1,8911.8,9110.81
2011-08-09,1,9110.81,8876.54
2011-08-10,1,8876.54,9064.17
2011-08-11,1,9064.17,9082.53
2011-08-12,1,9082.53,9135.06
2011-08-15,1,9135.06,9047.89
2011-08-16,1,9047.89,9043.18
2011-08-17,1,9043.18,8771.7
2011-08-18,1,8771.7,8686.91
2011-08-19,1,8686.91,8703.31
2011-08-22,1,8703.31,8812.16
2011-08-23,1,8812.16,8748.01
2011-08-24,1,8748.01,8746.77
2011-08-25,1,8746.77,8802.25
2011-08-26,1,8802.25,8958.5
2011-08-29,1,8958.5,8938.31
2011-08-30,1,8938.31,9017.01
2011-08-31,1,9017.01,8980.56
2011-09-01,1,8980.56,8828.46
2011-09-02,1,8828.46,8687.11
2011-09-05,1,8687.11,8723.05
2011-09-06,1,8723.05,8863.24
2011-09-07,1,8863.24,8739.49
2011-09-08,1,8739.49,8578.71
2011-09-09,1,8578.71,8588.74
2011-09-12,1,8588.74,8623.55
2011-09-13,1,8623.55,8645.38
2011-09-14,1,8645.38,8785.28
2011-09-15,1,8785.28,8763.61
2011-09-16,1,8763.61,8717.0
2011-09-20,1,8717.0,8643.02
2011-09-21,1,8643.02,8547.62
2011-09-22,1,8547.62,8496.33
2011-09-26,1,8496.33,8607.92
2011-09-27,1,8607.92,8527.64
2011-09-28,1,8527.64,8713.91
2011-09-29,1,8713.91,8567.98
2011-09-30,1,8567.98,8426.39
2011-10-03,1,8426.39,8491.43
2011-10-04,1,8491.43,8463.83
2011-10-05,1,8463.83,8593.22
2011-10-06,1,8593.22,8733.54
2011-10-07,1,8733.54,8719.67
2011-10-11,1,8719.67,8832.81
2011-10-12,1,8832.81,8782.91
2011-10-13,1,8782.91,8881.44
2011-10-14,1,8881.44,8758.74
2011-10-17,1,8758.74,8808.25
2011-10-18,1,8808.25,8733.6
2011-10-19,1,8733.6,8679.04
2011-10-20,1,8679.04,8764.92
2011-10-21,1,8764.92,8866.43
2011-10-24,1,8866.43,8673.85
2011-10-25,1,8673.85,8779.4
2011-10-26,1,8779.4,9059.04
2011-10-27,1,9059.04,9011.18
2011-10-28,1,9011.18,8880.75
2011-10-31,1,8880.75,8719.92
2011-11-01,1,8719.92,8761.27
2011-11-02,1,8761.27,8771.82
2011-11-04,1,8771.82,8744.36
2011-11-07,1,8744.36,8724.6
2011-11-08,1,8724.6,8597.28
2011-11-09,1,8597.28,8545.92
2011-11-10,1,8545.92,8631.28
2011-11-11,1,8631.28,8546.99
2011-11-14,1,8546.99,8546.75
2011-11-15,1,8546.75,8421.88
2011-11-16,1,8421.88,8374.16
2011-11-17,1,8374.16,8349.05
2011-11-18,1,8349.05,8263.86
2011-11-21,1,8263.86,8189.42
2011-11-22,1,8189.42,8138.19
2011-11-24,1,8138.19,8269.91
2011-11-25,1,8269.91,8371.01
2011-11-28,1,8371.01,8407.63
2011-11-29,1,8407.63,8581.2
2011-11-30,1,8581.2,8603.23
2011-12-01,1,8603.23,8697.78
2011-12-02,1,8697.78,8644.97
2011-12-05,1,8644.97,8629.19
2011-12-06,1,8629.19,8664.35
2011-12-07,1,8664.35,8521.33
2011-12-08,1,8521.33,8652.98
2011-12-09,1,8652.98,8535.52
2011-12-12,1,8535.52,8513.77
2011-12-13,1,8513.77,8449.05
2011-12-14,1,8449.05,8416.21
2011-12-15,1,8416.21,8363.39
2011-12-16,1,8363.39,8318.03
2011-12-19,1,8318.03,8442.74
2011-12-20,1,8442.74,8429.54
2011-12-21,1,8429.54,8504.46
2011-12-22,1,8504.46,8443.0
2011-12-26,1,8443.0,8426.09
2011-12-27,1,8426.09,8367.71
2011-12-28,1,8367.71,8434.9
2011-12-29,1,8434.9,8549.54
2011-12-30,1,8549.54,8515.66
2012-01-04,1,8515.66,8488.98
2012-01-05,1,8488.98,8422.99
2012-01-06,1,8422.99,8440.96
2012-01-10,1,8440.96,8423.1
2012-01-11,1,8423.1,8471.1
2012-01-12,1,8471.1,8409.79
2012-01-13,1,8409.79,8420.12
2012-01-16,1,8420.12,8458.29
2012-01-17,1,8458.29,8596.68
2012-01-18,1,8596.68,8751.18
2012-01-19,1,8751.18,8753.91
2012-01-20,1,8753.91,8815.36
2012-01-23,1,8815.36,8842.01
2012-01-24,1,8842.01,8890.49
2012-01-25,1,8890.49,8851.02
2012-01-26,1,8851.02,8803.79
2012-01-27,1,8803.79,8781.44
2012-01-30,1,8781.44,8789.06
2012-01-31,1,8789.06,8865.28
2012-02-01,1,8865.28,8849.17
2012-02-02,1,8849.17,8939.99
2012-02-03,1,8939.99,8904.16
2012-02-06,1,8904.16,8971.88
2012-02-07,1,8971.88,8996.13
2012-02-08,1,8996.13,9010.53
2012-02-09,1,9010.53,8954.03
2012-02-10,1,8954.03,8978.72
2012-02-13,1,8978.72,9108.84
2012-02-14,1,9108.84,9232.38
2012-02-15,1,9232.38,9371.12
2012-02-16,1,9371.12,9534.03
2012-02-17,1,9534.03,9458.68
2012-02-20,1,9458.68,9459.74
2012-02-21,1,9459.74,9549.77
2012-02-22,1,9549.77,9594.85
2012-02-23,1,9594.85,9726.2
2012-02-24,1,9726.2,9567.12
2012-02-27,1,9567.12,9771.62
2012-02-28,1,9771.62,9771.34
2012-02-29,1,9771.34,9797.05
2012-03-01,1,9797.05,9756.98
2012-03-02,1,9756.98,9704.61
2012-03-05,1,9704.61,9509.1
2012-03-06,1,9509.1,9674.94
2012-03-07,1,9674.94,9911.07
2012-03-08,1,9911.07,10015.9
2012-03-09,1,10015.9,9921.25
2012-03-12,1,9921.25,10064.1
2012-03-13,1,10064.1,10115.4
2012-03-14,1,10115.4,10110.6
2012-03-15,1,10110.6,10150.8
2012-03-16,1,10150.8,10100.9
2012-03-19,1,10100.9,10055.2
2012-03-21,1,10055.2,10014.9
2012-03-22,1,10014.9,10040.1
2012-03-23,1,10040.1,10152.9
2012-03-26,1,10152.9,10153.5
2012-03-27,1,10153.5,10134.8
2012-03-28,1,10134.8,10089.1
2012-03-29,1,10089.1,10161.7
2012-03-30,1,10161.7,10082.2
2012-04-02,1,10082.2,10045.9
2012-04-03,1,10045.9,9737.5
2012-04-04,1,9737.5,9710.25
2012-04-05,1,9710.25,9565.31
2012-04-06,1,9565.31,9583.36
2012-04-09,1,9583.36,9398.6
2012-04-10,1,9398.6,9486.19
2012-04-11,1,9486.19,9613.19
2012-04-12,1,9613.19,9522.7
2012-04-13,1,9522.7,9476.15
2012-04-16,1,9476.15,9594.3
2012-04-17,1,9594.3,9578.68
2012-04-18,1,9578.68,9574.99
2012-04-19,1,9574.99,9599.2
2012-04-20,1,9599.2,9466.08
2012-04-23,1,9466.08,9578.42
2012-04-24,1,9578.42,9613.16
2012-04-25,1,9613.16,9564.4
2012-04-26,1,9564.4,9471.66
2012-04-27,1,9471.66,9397.87
2012-05-01,1,9397.87,9198.17
2012-05-02,1,9198.17,9190.5
2012-05-07,1,9190.5,9112.72
2012-05-08,1,9112.72,9013.26
2012-05-09,1,9013.26,9019.4
2012-05-10,1,9019.4,8986.22
2012-05-11,1,8986.22,8910.85
2012-05-14,1,8910.85,8865.78
2012-05-15,1,8865.78,8789.47
2012-05-16,1,8789.47,8727.58
2012-05-17,1,8727.58,8617.92
2012-05-18,1,8617.92,8721.59
2012-05-21,1,8721.59,8715.14
2012-05-22,1,8715.14,8537.99
2012-05-23,1,8537.99,8616.85
2012-05-24,1,8616.85,8604.99
2012-05-25,1,8604.99,8565.56
2012-05-28,1,8565.56,8637.95
2012-05-29,1,8637.95,8499.68
2012-05-30,1,8499.68,8465.47
2012-05-31,1,8465.47,8278.65
2012-06-01,1,8278.65,8331.02
2012-06-04,1,8331.02,8428.36
2012-06-05,1,8428.36,8639.25
2012-06-06,1,8639.25,8609.78
2012-06-07,1,8609.78,8612.14
2012-06-08,1,8612.14,8478.78
2012-06-11,1,8478.78,8557.57
2012-06-12,1,8557.57,8531.4
2012-06-13,1,8531.4,8608.43
2012-06-14,1,8608.43,8723.55
2012-06-15,1,8723.55,8692.82
2012-06-18,1,8692.82,8739.1
2012-06-19,1,8739.1,8794.03
2012-06-20,1,8794.03,8733.5
2012-06-21,1,8733.5,8837.83
2012-06-22,1,8837.83,8671.61
2012-06-25,1,8671.61,8677.76
2012-06-26,1,8677.76,8816.07
2012-06-27,1,8816.07,8811.46
2012-06-28,1,8811.46,9103.79
2012-06-29,1,9103.79,9013.65
2012-07-02,1,9013.65,9119.69
2012-07-03,1,9119.69,9078.46
2012-07-04,1,9078.46,9052.7
2012-07-05,1,9052.7,8922.99
2012-07-06,1,8922.99,8922.03
2012-07-09,1,8922.03,8819.04
2012-07-10,1,8819.04,8859.39
2012-07-11,1,8859.39,8701.35
2012-07-12,1,8701.35,8740.98
2012-07-13,1,8740.98,8796.15
2012-07-17,1,8796.15,8795.0
2012-07-18,1,8795.0,8785.87
2012-07-19,1,8785.87,8582.28
2012-07-20,1,8582.28,8497.99
2012-07-23,1,8497.99,8410.98
2012-07-24,1,8410.98,8408.22
2012-07-25,1,8408.22,8547.34
2012-07-26,1,8547.34,8658.83
2012-07-27,1,8658.83,8600.92
2012-07-30,1,8600.92,8622.04
2012-07-31,1,8622.04,8642.89
2012-08-01,1,8642.89,8539.71
2012-08-02,1,8539.71,8683.2
2012-08-03,1,8683.2,8714.12
2012-08-06,1,8714.12,8889.38
2012-08-07,1,8889.38,8870.81
2012-08-08,1,8870.81,8931.92
2012-08-09,1,8931.92,8871.68
2012-08-10,1,8871.68,8913.7
2012-08-13,1,8913.7,8960.28
2012-08-14,1,8960.28,8967.11
2012-08-15,1,8967.11,9120.22
2012-08-16,1,9120.22,9202.36
2012-08-17,1,9202.36,9165.15
2012-08-20,1,9165.15,9150.69
2012-08-21,1,9150.69,9080.67
2012-08-22,1,9080.67,9069.95
2012-08-23,1,9069.95,9140.41
2012-08-24,1,9140.41,9138.51
2012-08-27,1,9138.51,9045.73
2012-08-28,1,9045.73,9062.07
2012-08-29,1,9062.07,8891.75
2012-08-30,1,8891.75,8836.61
2012-08-31,1,8836.61,8787.97
2012-09-03,1,8787.97,8756.59
2012-09-04,1,8756.59,8690.34
2012-09-05,1,8690.34,8821.37
2012-09-06,1,8821.37,8853.19
2012-09-07,1,8853.19,8811.33
2012-09-10,1,8811.33,8827.21
2012-09-11,1,8827.21,8950.01
2012-09-12,1,8950.01,9097.92
2012-09-13,1,9097.92,9155.49
2012-09-14,1,9155.49,9166.52
2012-09-18,1,9166.52,9174.19
2012-09-19,1,9174.19,9113.3
2012-09-20,1,9113.3,9071.32
2012-09-21,1,9071.32,9031.37
2012-09-24,1,9031.37,8941.75
2012-09-25,1,8941.75,8856.31
2012-09-26,1,8856.31,8986.63
2012-09-27,1,8986.63,8815.07
2012-09-28,1,8815.07,8826.36
2012-10-01,1,8826.36,8778.26
2012-10-02,1,8778.26,8783.13
2012-10-03,1,8783.13,8850.29
2012-10-04,1,8850.29,8822.39
2012-10-05,1,8822.39,8650.55
2012-10-09,1,8650.55,8514.63
2012-10-10,1,8514.63,8607.7
2012-10-11,1,8607.7,8517.77
2012-10-12,1,8517.77,8638.68
2012-10-15,1,8638.68,8777.39
2012-10-16,1,8777.39,8886.56
2012-10-17,1,8886.56,8944.03
2012-10-18,1,8944.03,8874.52
2012-10-19,1,8874.52,9066.03
2012-10-22,1,9066.03,8896.41
2012-10-23,1,8896.41,8952.13
2012-10-24,1,8952.13,9058.93
2012-10-25,1,9058.93,8958.79
2012-10-26,1,8958.79,8941.82
2012-10-29,1,8941.82,8911.08
2012-10-30,1,8911.08,8931.71
2012-10-31,1,8931.71,9049.22
2012-11-01,1,9049.22,9000.81
2012-11-02,1,9000.81,8989.58
2012-11-05,1,8989.58,9030.56
2012-11-06,1,9030.56,8868.42
2012-11-07,1,8868.42,8742.68
2012-11-08,1,8742.68,8701.28
2012-11-09,1,8701.28,8710.52
2012-11-12,1,8710.52,8660.27
2012-11-13,1,8660.27,8703.82
2012-11-14,1,8703.82,8898.33
2012-11-15,1,8898.33,9141.27
2012-11-16,1,9141.27,9198.42
2012-11-19,1,9198.42,9213.73
2012-11-20,1,9213.73,9336.32
2012-11-21,1,9336.32,9466.06
2012-11-22,1,9466.06,9371.13
2012-11-26,1,9371.13,9375.48
2012-11-27,1,9375.48,9370.29
2012-11-28,1,9370.29,9446.77
2012-11-29,1,9446.77,9484.2
2012-11-30,1,9484.2,9419.15
2012-12-03,1,9419.15,9380.37
2012-12-04,1,9380.37,9535.69
2012-12-05,1,9535.69,9547.14
2012-12-06,1,9547.14,9584.46
2012-12-07,1,9584.46,9510.6
2012-12-10,1,9510.6,9606.25
2012-12-11,1,9606.25,9681.2
2012-12-12,1,9681.2,9703.56
2012-12-13,1,9703.56,9895.68
2012-12-14,1,9895.68,9848.87
2012-12-17,1,9848.87,10025.4
2012-12-18,1,10025.4,10093.1
2012-12-19,1,10093.1,10145.6
2012-12-20,1,10145.6,10092.3
2012-12-21,1,10092.3,10131.2
2012-12-25,1,10131.2,10295.3
2012-12-26,1,10295.3,10406.4
2012-12-27,1,10406.4,10604.5
2012-12-28,1,10604.5,10743.7
2013-01-04,1,10743.7,10544.2
2013-01-07,1,10544.2,10405.7
2013-01-08,1,10405.7,10635.1
2013-01-09,1,10635.1,10786.1
2013-01-10,1,10786.1,10914.7
2013-01-11,1,10914.7,10806.4
2013-01-15,1,10806.4,10660.9
2013-01-16,1,10660.9,10792.0
2013-01-17,1,10792.0,10941.5
2013-01-18,1,10941.5,10765.1
2013-01-21,1,10765.1,10575.6
2013-01-22,1,10575.6,10441.1
2013-01-23,1,10441.1,10797.3
2013-01-24,1,10797.3,11002.9
2013-01-25,1,11002.9,10751.0
2013-01-28,1,10751.0,10914.0
2013-01-29,1,10914.0,11057.5
2013-01-30,1,11057.5,11193.7
2013-01-31,1,11193.7,11254.2
2013-02-01,1,11254.2,11105.2
2013-02-04,1,11105.2,11236.7
2013-02-05,1,11236.7,11406.3
2013-02-06,1,11406.3,11180.0
2013-02-07,1,11180.0,11346.7
2013-02-08,1,11346.7,11333.7
2013-02-12,1,11333.7,11273.4
2013-02-13,1,11273.4,11239.2
2013-02-14,1,11239.2,11318.2
2013-02-15,1,11318.2,11336.5
2013-02-18,1,11336.5,11485.7
2013-02-19,1,11485.7,11404.7
2013-02-20,1,11404.7,11238.8
2013-02-21,1,11238.8,11564.5
2013-02-22,1,11564.5,11449.7
2013-02-25,1,11449.7,11418.6
2013-02-26,1,11418.6,11396.7
2013-02-27,1,11396.7,11464.7
2013-02-28,1,11464.7,11695.5
2013-03-01,1,11695.5,11732.6
2013-03-04,1,11732.6,11811.1
2013-03-05,1,11811.1,12037.2
2013-03-06,1,12037.2,12066.5
2013-03-07,1,12066.5,12363.1
2013-03-08,1,12363.1,12433.6
2013-03-11,1,12433.6,12252.3
2013-03-12,1,12252.3,12332.2
2013-03-13,1,12332.2,12437.7
2013-03-14,1,12437.7,12365.4
2013-03-15,1,12365.4,12405.6
2013-03-18,1,12405.6,12592.0
2013-03-19,1,12592.0,12498.5
2013-03-21,1,12498.5,12507.6
2013-03-22,1,12507.6,12461.8
2013-03-25,1,12461.8,12476.6
2013-03-26,1,12476.6,12457.1
2013-03-27,1,12457.1,12405.5
2013-03-28,1,12405.5,12371.3
2013-03-29,1,12371.3,12051.6
2013-04-01,1,12051.6,12112.1
2013-04-02,1,12112.1,12188.2
2013-04-03,1,12188.2,12880.8
2013-04-04,1,12880.8,13082.6
2013-04-05,1,13082.6,13309.1
2013-04-08,1,13309.1,13177.3
2013-04-09,1,13177.3,13445.0
2013-04-10,1,13445.0,13568.2
2013-04-11,1,13568.2,13345.9
2013-04-12,1,13345.9,13023.9
2013-04-15,1,13023.9,13330.5
2013-04-16,1,13330.5,13272.2
2013-04-17,1,13272.2,13268.4
2013-04-18,1,13268.4,13537.2
2013-04-19,1,13537.2,13545.6
2013-04-22,1,13545.6,13687.3
2013-04-23,1,13687.3,13887.5
2013-04-24,1,13887.5,13979.0
2013-04-25,1,13979.0,13854.8
2013-04-26,1,13854.8,13837.7
2013-04-30,1,13837.7,13727.2
2013-05-01,1,13727.2,13960.0
2013-05-02,1,13960.0,14196.2
2013-05-07,1,14196.2,14367.0
2013-05-08,1,14367.0,14449.2
2013-05-09,1,14449.2,14759.5
2013-05-10,1,14759.5,14822.6
2013-05-13,1,14822.6,14962.3
2013-05-14,1,14962.3,15146.0
2013-05-15,1,15146.0,14926.4
2013-05-16,1,14926.4,15260.6
2013-05-17,1,15260.6,15264.8
2013-05-20,1,15264.8,15440.7
2013-05-21,1,15440.7,15740.0
2013-05-22,1,15740.0,14731.8
2013-05-23,1,14731.8,14373.8
2013-05-24,1,14373.8,13943.6
2013-05-27,1,13943.6,14492.5
2013-05-28,1,14492.5,14072.9
2013-05-29,1,14072.9,13804.2
2013-05-30,1,13804.2,13551.4
2013-05-31,1,13551.4,13186.6
2013-06-03,1,13186.6,13566.8
2013-06-04,1,13566.8,12925.3
2013-06-05,1,12925.3,12706.4
2013-06-06,1,12706.4,13141.8
2013-06-07,1,13141.8,13504.8
2013-06-10,1,13504.8,13087.7
2013-06-11,1,13087.7,13038.0
2013-06-12,1,13038.0,12668.9
2013-06-13,1,12668.9,12584.4
2013-06-14,1,12584.4,13015.2
2013-06-17,1,13015.2,13233.1
2013-06-18,1,13233.1,13101.8
2013-06-19,1,13101.8,12787.9
2013-06-20,1,12787.9,13417.5
2013-06-21,1,13417.5,13081.6
2013-06-24,1,13081.6,13152.8
2013-06-25,1,13152.8,12968.7
2013-06-26,1,12968.7,13383.9
2013-06-27,1,13383.9,13746.7
2013-06-28,1,13746.7,13969.2
2013-07-01,1,13969.2,14150.0
2013-07-02,1,14150.0,13970.3
2013-07-03,1,13970.3,14150.8
2013-07-04,1,14150.8,14491.1
2013-07-05,1,14491.1,14295.4
2013-07-08,1,14295.4,14464.8
2013-07-09,1,14464.8,14275.3
2013-07-10,1,14275.3,14475.2
2013-07-11,1,14475.2,14594.9
2013-07-12,1,14594.9,14491.8
2013-07-16,1,14491.8,14645.2
2013-07-17,1,14645.2,14909.8
2013-07-18,1,14909.8,14770.0
2013-07-19,1,14770.0,14555.4
2013-07-22,1,14555.4,14719.6
2013-07-23,1,14719.6,14747.2
2013-07-24,1,14747.2,14339.4
2013-07-25,1,14339.4,13899.3
2013-07-26,1,13899.3,13634.2
2013-07-29,1,13634.2,13733.5
2013-07-30,1,13733.5,13674.5
2013-07-31,1,13674.5,14178.7
2013-08-01,1,14178.7,14318.2
2013-08-02,1,14318.2,14237.1
2013-08-05,1,14237.1,14156.0
2013-08-06,1,14156.0,13779.5
2013-08-07,1,13779.5,13673.5
2013-08-08,1,13673.5,13469.7
2013-08-09,1,13469.7,13696.4
2013-08-12,1,13696.4,13936.7
2013-08-13,1,13936.7,13845.6
2013-08-14,1,13845.6,13532.6
2013-08-15,1,13532.6,13669.7
2013-08-16,1,13669.7,13633.0
2013-08-19,1,13633.0,13431.3
2013-08-20,1,13431.3,13314.0
2013-08-21,1,13314.0,13583.8
2013-08-22,1,13583.8,13719.6
2013-08-23,1,13719.6,13551.8
2013-08-26,1,13551.8,13285.0
2013-08-27,1,13285.0,13383.0
2013-08-28,1,13383.0,13573.2
2013-08-29,1,13573.2,13438.1
2013-08-30,1,13438.1,13748.7
2013-09-02,1,13748.7,13875.2
2013-09-03,1,13875.2,14140.2
2013-09-04,1,14140.2,14088.4
2013-09-05,1,14088.4,14141.7
2013-09-06,1,14141.7,14318.7
2013-09-09,1,14318.7,14511.7
2013-09-10,1,14511.7,14397.9
2013-09-11,1,14397.9,14316.7
2013-09-12,1,14316.7,14457.0
2013-09-13,1,14457.0,14411.5
2013-09-17,1,14411.5,14680.4
2013-09-18,1,14680.4,14801.6
2013-09-19,1,14801.6,14626.0
2013-09-20,1,14626.0,14713.0
2013-09-24,1,14713.0,14553.1
2013-09-25,1,14553.1,14804.0
2013-09-26,1,14804.0,14530.6
2013-09-27,1,14530.6,14518.0
2013-09-30,1,14518.0,14492.5
2013-10-01,1,14492.5,14140.1
2013-10-02,1,14140.1,14029.7
2013-10-03,1,14029.7,14057.8
2013-10-04,1,14057.8,13794.7
2013-10-07,1,13794.7,13789.9
2013-10-08,1,13789.9,14097.6
2013-10-09,1,14097.6,14376.9
2013-10-10,1,14376.9,14510.3
2013-10-11,1,14510.3,14433.6
2013-10-15,1,14433.6,14640.1
2013-10-16,1,14640.1,14589.6
2013-10-17,1,14589.6,14624.0
2013-10-18,1,14624.0,14677.1
2013-10-21,1,14677.1,14784.4
2013-10-22,1,14784.4,14344.7
2013-10-23,1,14344.7,14439.1
2013-10-24,1,14439.1,14261.7
2013-10-25,1,14261.7,14288.7
2013-10-28,1,14288.7,14464.7
2013-10-29,1,14464.7,14474.0
2013-10-30,1,14474.0,14403.1
2013-10-31,1,14403.1,14319.8
2013-11-01,1,14319.8,14155.3
2013-11-05,1,14155.3,14355.6
2013-11-06,1,14355.6,14026.2
2013-11-07,1,14026.2,14271.5
2013-11-08,1,14271.5,14289.9
2013-11-11,1,14289.9,14528.0
2013-11-12,1,14528.0,14665.8
2013-11-13,1,14665.8,15034.3
2013-11-14,1,15034.3,15253.2
2013-11-15,1,15253.2,15096.6
2013-11-18,1,15096.6,15176.3
2013-11-19,1,15176.3,15176.7
2013-11-20,1,15176.7,15513.5
2013-11-21,1,15513.5,15504.8
2013-11-22,1,15504.8,15502.0
2013-11-25,1,15502.0,15414.5
2013-11-26,1,15414.5,15622.2
2013-11-27,1,15622.2,15661.4
2013-11-28,1,15661.4,15659.7
2013-11-29,1,15659.7,15747.5
2013-12-02,1,15747.5,15520.2
2013-12-03,1,15520.2,15354.5
2013-12-04,1,15354.5,15112.5
2013-12-05,1,15112.5,15556.6
2013-12-06,1,15556.6,15634.0
2013-12-09,1,15634.0,15509.9
2013-12-10,1,15509.9,15377.3
2013-12-11,1,15377.3,15316.9
2013-12-12,1,15316.9,15408.3
2013-12-13,1,15408.3,15290.2
2013-12-16,1,15290.2,15273.2
2013-12-17,1,15273.2,15809.4
2013-12-18,1,15809.4,15790.7
2013-12-19,1,15790.7,15955.9
2013-12-20,1,15955.9,15861.1
2013-12-24,1,15861.1,16087.1
2013-12-25,1,16087.1,16229.4
2013-12-26,1,16229.4,16269.2
2013-12-27,1,16269.2,16147.5
2013-12-30,1,16147.5,15835.4
2014-01-06,1,15835.4,15943.7
2014-01-07,1,15943.7,16002.9
2014-01-08,1,16002.9,15785.2
2014-01-09,1,15785.2,15657.2
2014-01-10,1,15657.2,15649.1
2014-01-14,1,15649.1,15845.2
2014-01-15,1,15845.2,15695.5
2014-01-16,1,15695.5,15724.1
2014-01-17,1,15724.1,15710.9
2014-01-20,1,15710.9,15749.0
2014-01-21,1,15749.0,15900.6
2014-01-22,1,15900.6,15473.6
2014-01-23,1,15473.6,15091.5
2014-01-24,1,15091.5,15038.6
2014-01-27,1,15038.6,15164.3
2014-01-28,1,15164.3,15112.7
2014-01-29,1,15112.7,15132.2
2014-01-30,1,15132.2,14788.6
2014-01-31,1,14788.6,14353.3
2014-02-03,1,14353.3,14213.1
2014-02-04,1,14213.1,14233.4
2014-02-05,1,14233.4,14387.1
2014-02-06,1,14387.1,14647.8
2014-02-07,1,14647.8,14821.7
2014-02-10,1,14821.7,14785.8
2014-02-12,1,14785.8,14538.2
2014-02-13,1,14538.2,14343.7
2014-02-14,1,14343.7,14514.5
2014-02-17,1,14514.5,14729.5
2014-02-18,1,14729.5,14701.1
2014-02-19,1,14701.1,14618.6
2014-02-20,1,14618.6,14803.6
2014-02-21,1,14803.6,15002.5
2014-02-24,1,15002.5,14896.5
2014-02-25,1,14896.5,14939.9
2014-02-26,1,14939.9,14929.5
2014-02-27,1,14929.5,14666.9
2014-02-28,1,14666.9,14554.0
2014-03-03,1,14554.0,14906.0
2014-03-04,1,14906.0,14933.8
2014-03-05,1,14933.8,15280.8
2014-03-06,1,15280.8,15197.5
2014-03-07,1,15197.5,15179.5
2014-03-10,1,15179.5,15003.8
2014-03-11,1,15003.8,14847.7
2014-03-12,1,14847.7,14526.3
2014-03-13,1,14526.3,14254.3
2014-03-14,1,14254.3,14491.4
2014-03-17,1,14491.4,14495.7
2014-03-18,1,14495.7,14548.8
2014-03-19,1,14548.8,14297.6
2014-03-20,1,14297.6,14401.7
2014-03-24,1,14401.7,14521.0
2014-03-25,1,14521.0,14305.7
2014-03-26,1,14305.7,14576.2
2014-03-27,1,14576.2,14839.5
2014-03-28,1,14839.5,14870.5
2014-03-31,1,14870.5,14897.9
2014-04-01,1,14897.9,15009.2
2014-04-02,1,15009.2,15005.5
2014-04-03,1,15005.5,14880.8
2014-04-04,1,14880.8,14715.8
2014-04-07,1,14715.8,14436.0
2014-04-08,1,14436.0,14484.5
2014-04-09,1,14484.5,14027.8
2014-04-10,1,14027.8,13887.2
2014-04-11,1,13887.2,14068.8
2014-04-14,1,14068.8,14126.9
2014-04-15,1,14126.9,14396.0
2014-04-16,1,14396.0,14489.4
2014-04-17,1,14489.4,14549.5
2014-04-18,1,14549.5,14586.3
2014-04-21,1,14586.3,14480.4
2014-04-22,1,14480.4,14563.2
2014-04-23,1,14563.2,14369.7
2014-04-24,1,14369.7,14289.8
2014-04-25,1,14289.8,14393.5
2014-04-28,1,14393.5,14341.1
2014-04-30,1,14341.1,14454.4
2014-05-01,1,14454.4,14296.2
2014-05-02,1,14296.2,14136.4
2014-05-07,1,14136.4,14102.0
2014-05-08,1,14102.0,14173.5
2014-05-09,1,14173.5,14367.9
2014-05-12,1,14367.9,14385.6
2014-05-13,1,14385.6,14280.5
2014-05-14,1,14280.5,14087.8
2014-05-15,1,14087.8,14130.1
2014-05-16,1,14130.1,14088.5
2014-05-19,1,14088.5,13969.7
2014-05-20,1,13969.7,14188.3
2014-05-21,1,14188.3,14411.1
2014-05-22,1,14411.1,14592.6
2014-05-23,1,14592.6,14589.8
2014-05-26,1,14589.8,14646.9
2014-05-27,1,14646.9,14585.6
2014-05-28,1,14585.6,14707.7
2014-05-29,1,14707.7,14777.5
2014-05-30,1,14777.5,15089.0
2014-06-02,1,15089.0,15067.4
2014-06-03,1,15067.4,15112.6
2014-06-04,1,15112.6,15138.8
2014-06-05,1,15138.8,15204.3
2014-06-06,1,15204.3,15130.7
2014-06-09,1,15130.7,15000.1
2014-06-10,1,15000.1,14942.2
2014-06-11,1,14942.2,14831.0
2014-06-12,1,14831.0,15049.6
2014-06-13,1,15049.6,14963.0
2014-06-16,1,14963.0,15009.9
2014-06-17,1,15009.9,15140.3
2014-06-18,1,15140.3,15359.6
2014-06-19,1,15359.6,15419.5
2014-06-20,1,15419.5,15300.5
2014-06-23,1,15300.5,15297.2
2014-06-24,1,15297.2,15320.1
2014-06-25,1,15320.1,15290.8
2014-06-26,1,15290.8,15159.5
2014-06-27,1,15159.5,15179.6
2014-06-30,1,15179.6,15406.2
2014-07-01,1,15406.2,15435.3
2014-07-02,1,15435.3,15490.4
2014-07-03,1,15490.4,15433.5
2014-07-04,1,15433.5,15304.3
2014-07-07,1,15304.3,15194.3
2014-07-08,1,15194.3,15318.3
2014-07-09,1,15318.3,15102.6
2014-07-10,1,15102.6,15199.2
2014-07-11,1,15199.2,15354.4
2014-07-14,1,15354.4,15369.7
2014-07-15,1,15369.7,15422.9
2014-07-16,1,15422.9,15174.1
2014-07-17,1,15174.1,15296.4
2014-07-18,1,15296.4,15367.2
2014-07-22,1,15367.2,15350.3
2014-07-23,1,15350.3,15342.5
2014-07-24,1,15342.5,15427.0
2014-07-25,1,15427.0,15564.8
2014-07-28,1,15564.8,15616.9
2014-07-29,1,15616.9,15732.8
2014-07-30,1,15732.8,15511.5
2014-07-31,1,15511.5,15474.7
2014-08-01,1,15474.7,15506.9
2014-08-04,1,15506.9,15260.0
2014-08-05,1,15260.0,15138.7
2014-08-06,1,15138.7,15063.7
2014-08-07,1,15063.7,15022.6
2014-08-08,1,15022.6,15164.7
2014-08-11,1,15164.7,15111.8
2014-08-12,1,15111.8,15284.4
2014-08-13,1,15284.4,15317.2
2014-08-14,1,15317.2,15318.5
2014-08-15,1,15318.5,15451.9
2014-08-18,1,15451.9,15485.9
2014-08-19,1,15485.9,15531.0
2014-08-20,1,15531.0,15618.0
2014-08-21,1,15618.0,15609.4
2014-08-22,1,15609.4,15609.6
2014-08-25,1,15609.6,15556.6
2014-08-26,1,15556.6,15482.3
2014-08-27,1,15482.3,15423.9
2014-08-28,1,15423.9,15454.6
2014-08-29,1,15454.6,15526.9
2014-09-01,1,15526.9,15797.8
2014-09-02,1,15797.8,15701.6
2014-09-03,1,15701.6,15792.6
2014-09-04,1,15792.6,15718.1
2014-09-05,1,15718.1,15795.8
2014-09-08,1,15795.8,15688.5
2014-09-09,1,15688.5,15880.9
2014-09-10,1,15880.9,15885.0
2014-09-11,1,15885.0,15896.1
2014-09-12,1,15896.1,15948.2
2014-09-16,1,15948.2,16036.5
2014-09-17,1,16036.5,16177.9
2014-09-18,1,16177.9,16281.4
2014-09-19,1,16281.4,16105.6
2014-09-22,1,16105.6,16327.2
2014-09-24,1,16327.2,16088.0
2014-09-25,1,16088.0,16339.0
2014-09-26,1,16339.0,16252.7
2014-09-29,1,16252.7,16173.4
2014-09-30,1,16173.4,15895.2
2014-10-01,1,15895.2,15616.5
2014-10-02,1,15616.5,15882.3
2014-10-03,1,15882.3,15841.2
2014-10-06,1,15841.2,15574.6
2014-10-07,1,15574.6,15681.5
2014-10-08,1,15681.5,15292.9
2014-10-09,1,15292.9,15036.9
2014-10-10,1,15036.9,15009.8
2014-10-14,1,15009.8,14805.2
2014-10-15,1,14805.2,14796.3
2014-10-16,1,14796.3,14822.8
2014-10-17,1,14822.8,15115.3
2014-10-20,1,15115.3,15038.2
2014-10-21,1,15038.2,15093.8
2014-10-22,1,15093.8,15354.3
2014-10-23,1,15354.3,15404.3
2014-10-24,1,15404.3,15363.3
2014-10-27,1,15363.3,15442.4
2014-10-28,1,15442.4,15596.5
2014-10-29,1,15596.5,15817.1
2014-10-30,1,15817.1,16732.8
2014-10-31,1,16732.8,16785.4
2014-11-04,1,16785.4,16993.5
2014-11-05,1,16993.5,16934.0
2014-11-06,1,16934.0,16758.3
2014-11-07,1,16758.3,16869.5
2014-11-10,1,16869.5,17253.1
2014-11-11,1,17253.1,17192.0
2014-11-12,1,17192.0,17520.5
2014-11-13,1,17520.5,17381.4
2014-11-14,1,17381.4,17188.8
2014-11-17,1,17188.8,17384.3
2014-11-18,1,17384.3,17407.7
2014-11-19,1,17407.7,17285.7
2014-11-20,1,17285.7,17285.7
2014-11-21,1,17285.7,17490.4
2014-11-24,1,17490.4,17348.0
2014-11-25,1,17348.0,17310.5
2014-11-26,1,17310.5,17340.2
2014-11-27,1,17340.2,17475.1
2014-11-28,1,17475.1,17481.1
2014-12-01,1,17481.1,17772.2
2014-12-02,1,17772.2,17881.9
2014-12-03,1,17881.9,17821.8
2014-12-04,1,17821.8,18004.7
2014-12-05,1,18004.7,17820.2
2014-12-08,1,17820.2,17623.3
2014-12-09,1,17623.3,17180.5
2014-12-10,1,17180.5,17317.7
2014-12-11,1,17317.7,17111.5
2014-12-12,1,17111.5,16862.4
2014-12-15,1,16862.4,16689.3
2014-12-16,1,16689.3,17142.9
2014-12-17,1,17142.9,17511.0
2014-12-18,1,17511.0,17685.5
2014-12-19,1,17685.5,17685.5
2014-12-22,1,17685.5,17842.0
2014-12-23,1,17842.0,17804.8
2014-12-24,1,17804.8,17778.9
2014-12-25,1,17778.9,17914.6
2014-12-26,1,17914.6,17702.1
2014-12-29,1,17702.1,17702.1
2014-12-30,1,17702.1,17702.1
2014-12-31,1,17702.1,17325.7
2015-01-02,1,17325.7,17101.6
2015-01-05,1,17101.6,16808.3
2015-01-06,1,16808.3,17067.4
2015-01-07,1,17067.4,17318.7
2015-01-08,1,17318.7,17318.7
2015-01-09,1,17318.7,16970.9
2015-01-12,1,16970.9,16961.8
2015-01-13,1,16961.8,16872.9
2015-01-14,1,16872.9,16813.0
2015-01-15,1,16813.0,17000.8
2015-01-16,1,17000.8,17071.7
2015-01-19,1,17071.7,17308.7
2015-01-20,1,17308.7,17306.6
2015-01-21,1,17306.6,17520.6
2015-01-22,1,17520.6,17285.7
2015-01-23,1,17285.7,17649.4
2015-01-26,1,17649.4,17615.9
2015-01-27,1,17615.9,17666.9
2015-01-28,1,17666.9,17788.7
2015-01-29,1,17788.7,17536.6
2015-01-30,1,17536.6,17654.6
2015-02-02,1,17654.6,17549.3
2015-02-03,1,17549.3,17589.2
2015-02-04,1,17589.2,17696.2
2015-02-05,1,17696.2,17790.3
2015-02-06,1,17790.3,17662.7
2015-02-09,1,17662.7,17662.7
2015-02-10,1,17662.7,17899.4
2015-02-11,1,17899.4,17892.1
2015-02-12,1,17892.1,18024.0
2015-02-13,1,18024.0,17949.7
2015-02-16,1,17949.7,18104.0
2015-02-17,1,18104.0,18237.3
2015-02-18,1,18237.3,18336.5
2015-02-19,1,18336.5,18499.6
2015-02-20,1,18499.6,18468.4
2015-02-23,1,18468.4,18636.3
2015-02-24,1,18636.3,18587.9
2015-02-25,1,18587.9,18844.3
2015-02-26,1,18844.3,18869.4
2015-02-27,1,18869.4,18910.5
2015-03-02,1,18910.5,18716.8
2015-03-03,1,18716.8,18658.2
2015-03-04,1,18658.2,18814.8
2015-03-05,1,18814.8,18873.0
2015-03-06,1,18873.0,18891.0
2015-03-09,1,18891.0,18604.9
2015-03-10,1,18604.9,18787.1
2015-03-11,1,18787.1,19119.6
2015-03-12,1,19119.6,19245.4
2015-03-13,1,19245.4,19425.9
2015-03-16,1,19425.9,19407.8
2015-03-17,1,19407.8,19514.6
2015-03-18,1,19514.6,19479.7
2015-03-19,1,19479.7,19608.0
2015-03-20,1,19608.0,19719.0
2015-03-23,1,19719.0,19745.8
2015-03-24,1,19745.8,19605.6
2015-03-25,1,19605.6,19374.7
2015-03-26,1,19374.7,19295.2
2015-03-27,1,19295.2,19592.4
2015-03-30,1,19592.4,19129.8
2015-03-31,1,19129.8,19141.9
2015-04-01,1,19141.9,19289.0
2015-04-02,1,19289.0,19295.0
2015-04-03,1,19295.0,19539.0
2015-04-06,1,19539.0,19729.7
2015-04-07,1,19729.7,19851.1
2015-04-08,1,19851.1,19989.6
2015-04-09,1,19989.6,19967.4
2015-04-10,1,19967.4,19828.7
2015-04-13,1,19828.7,19838.5
2015-04-14,1,19838.5,19862.5
2015-04-15,1,19862.5,19810.4
2015-04-16,1,19810.4,19501.0
2015-04-17,1,19501.0,19731.6
2015-04-20,1,19731.6,19999.8
2015-04-21,1,19999.8,20227.3
2015-04-22,1,20227.3,20142.5
2015-04-23,1,20142.5,20063.8
2015-04-24,1,20063.8,20068.7
2015-04-27,1,20068.7,20068.7
2015-04-28,1,20068.7,19847.5
2015-04-29,1,19847.5,19510.8
2015-04-30,1,19510.8,19510.8
2015-05-01,1,19510.8,19510.8
2015-05-04,1,19510.8,19510.8
2015-05-05,1,19510.8,19356.5
2015-05-06,1,19356.5,19315.6
2015-05-07,1,19315.6,19637.6
2015-05-08,1,19637.6,19608.2
2015-05-11,1,19608.2,19568.8
2015-05-12,1,19568.8,19661.5
2015-05-13,1,19661.5,19693.2
2015-05-14,1,19693.2,19766.2
2015-05-15,1,19766.2,19977.1
2015-05-18,1,19977.1,20175.6
2015-05-19,1,20175.6,20215.5
2015-05-20,1,20215.5,20208.8
2015-05-21,1,20208.8,20331.9
2015-05-22,1,20331.9,20431.3
2015-05-25,1,20431.3,20380.6
2015-05-26,1,20380.6,20590.3
2015-05-27,1,20590.3,20510.3
2015-05-28,1,20510.3,20444.5
2015-05-29,1,20444.5,20604.7
2015-06-01,1,20604.7,20443.2
2015-06-02,1,20443.2,20539.9
2015-06-03,1,20539.9,20398.8
2015-06-04,1,20398.8,20537.8
2015-06-05,1,20537.8,20293.1
2015-06-08,1,20293.1,20126.4
2015-06-09,1,20126.4,20183.6
2015-06-10,1,20183.6,20431.8
2015-06-11,1,20431.8,20205.1
2015-06-12,1,20205.1,20332.8
2015-06-15,1,20332.8,20306.1
2015-06-16,1,20306.1,20193.6
2015-06-17,1,20193.6,20152.4
2015-06-18,1,20152.4,20174.1
2015-06-19,1,20174.1,20547.7
2015-06-22,1,20547.7,20889.3
2015-06-23,1,20889.3,20777.7
2015-06-24,1,20777.7,20758.4
2015-06-25,1,20758.4,20306.0
2015-06-26,1,20306.0,20174.6
2015-06-29,1,20174.6,20291.1
2015-06-30,1,20291.1,20565.9
2015-07-01,1,20565.9,20476.7
2015-07-02,1,20476.7,20200.2
2015-07-03,1,20200.2,20354.2
2015-07-06,1,20354.2,20282.5
2015-07-07,1,20282.5,19422.8
2015-07-08,1,19422.8,19829.9
2015-07-09,1,19829.9,19929.9
2015-07-10,1,19929.9,20355.3
2015-07-13,1,20355.3,20478.8
2015-07-14,1,20478.8,20589.0
2015-07-15,1,20589.0,20646.6
2015-07-16,1,20646.6,20646.6
2015-07-17,1,20646.6,20763.3
2015-07-20,1,20763.3,20657.8
2015-07-21,1,20657.8,20693.6
2015-07-22,1,20693.6,20603.6
2015-07-23,1,20603.6,20374.1
2015-07-24,1,20374.1,20188.6
2015-07-27,1,20188.6,20425.7
2015-07-28,1,20425.7,20450.6
2015-07-29,1,20450.6,20506.6
2015-07-30,1,20506.6,20540.2
2015-07-31,1,20540.2,20462.2
2015-08-03,1,20462.2,20490.2
2015-08-04,1,20490.2,20768.8
2015-08-05,1,20768.8,20601.6
2015-08-06,1,20601.6,20618.3
2015-08-07,1,20618.3,20920.6
2015-08-10,1,20920.6,20632.7
2015-08-11,1,20632.7,20392.5
2015-08-12,1,20392.5,20518.4
2015-08-13,1,20518.4,20600.2
2015-08-14,1,20600.2,20640.6
2015-08-17,1,20640.6,20467.5
2015-08-18,1,20467.5,20194.3
2015-08-19,1,20194.3,19711.3
2015-08-20,1,19711.3,19075.1
2015-08-21,1,19075.1,18171.7
2015-08-24,1,18171.7,17894.3
2015-08-25,1,17894.3,18680.5
2015-08-26,1,18680.5,18908.7
2015-08-27,1,18908.7,19007.0
2015-08-28,1,19007.0,18763.7
2015-08-31,1,18763.7,17861.8
2015-09-01,1,17861.8,18359.5
2015-09-02,1,18359.5,18312.1
2015-09-03,1,18312.1,17674.8
2015-09-04,1,17674.8,17941.9
2015-09-07,1,17941.9,17758.1
2015-09-08,1,17758.1,18418.6
2015-09-09,1,18418.6,18155.7
2015-09-10,1,18155.7,18341.0
2015-09-11,1,18341.0,18082.7
2015-09-14,1,18082.7,18238.2
2015-09-15,1,18238.2,18362.0
2015-09-16,1,18362.0,18275.5
2015-09-17,1,18275.5,18275.5
2015-09-18,1,18275.5,18275.5
2015-09-21,1,18275.5,18275.5
2015-09-22,1,18275.5,17803.4
2015-09-23,1,17803.4,17618.3
2015-09-24,1,17618.3,17811.1
2015-09-25,1,17811.1,17359.4
2015-09-28,1,17359.4,17193.8
2015-09-29,1,17193.8,17480.0
2015-09-30,1,17480.0,17564.4
2015-10-01,1,17564.4,17921.0
2015-10-02,1,17921.0,18302.4
2015-10-05,1,18302.4,18168.2
2015-10-06,1,18168.2,18310.6
2015-10-07,1,18310.6,18281.5
2015-10-08,1,18281.5,18281.5
2015-10-09,1,18281.5,18335.2
2015-10-12,1,18335.2,18106.7
2015-10-13,1,18106.7,17804.9
2015-10-14,1,17804.9,18300.8
2015-10-15,1,18300.8,18282.8
2015-10-16,1,18282.8,18245.5
2015-10-19,1,18245.5,18167.6
2015-10-20,1,18167.6,18443.7
2015-10-21,1,18443.7,18762.7
2015-10-22,1,18762.7,19036.1
2015-10-23,1,19036.1,18961.2
2015-10-26,1,18961.2,18826.9
2015-10-27,1,18826.9,19046.2
2015-10-28,1,19046.2,18924.3
2015-10-29,1,18924.3,18827.1
2015-10-30,1,18827.1,18827.1
2015-11-02,1,18827.1,18941.3
2015-11-03,1,18941.3,19029.4
2015-11-04,1,19029.4,19194.3
2015-11-05,1,19194.3,19411.5
2015-11-06,1,19411.5,19457.1
2015-11-09,1,19457.1,19602.0
2015-11-10,1,19602.0,19644.7
2015-11-11,1,19644.7,19495.3
2015-11-12,1,19495.3,19264.0
2015-11-13,1,19264.0,19641.7
2015-11-16,1,19641.7,19771.9
2015-11-17,1,19771.9,19851.2
2015-11-18,1,19851.2,19800.2
2015-11-19,1,19800.2,19800.2
2015-11-20,1,19800.2,19876.0
2015-11-23,1,19876.0,19856.8
2015-11-24,1,19856.8,19930.0
2015-11-25,1,19930.0,19994.1
2015-11-26,1,19994.1,19857.4
2015-11-27,1,19857.4,19799.1
2015-11-30,1,19799.1,19957.5
2015-12-01,1,19957.5,19894.6
2015-12-02,1,19894.6,19616.5
2015-12-03,1,19616.5,19710.4
2015-12-04,1,19710.4,19689.9
2015-12-07,1,19689.9,19391.5
2015-12-08,1,19391.5,19070.0
2015-12-09,1,19070.0,19020.8
2015-12-10,1,19020.8,18887.1
2015-12-11,1,18887.1,18869.0
2015-12-14,1,18869.0,18868.2
2015-12-15,1,18868.2,19364.6
2015-12-16,1,19364.6,19320.5
2015-12-17,1,19320.5,18845.5
2015-12-18,1,18845.5,18927.9
2015-12-21,1,18927.9,18927.9
2015-12-22,1,18927.9,19071.4
2015-12-23,1,19071.4,18823.9
2015-12-24,1,18823.9,18838.9
2015-12-25,1,18838.9,18843.4
2015-12-28,1,18843.4,19070.8
2015-12-29,1,19070.8,19070.8
2015-12-30,1,19070.8,18818.6
2015-12-31,1,18818.6,18398.8
2016-01-04,1,18398.8,18410.6
2016-01-05,1,18410.6,18139.8
2016-01-06,1,18139.8,17562.2
2016-01-07,1,17562.2,17562.2
2016-01-08,1,17562.2,17470.9
2016-01-11,1,17470.9,17449.1
2016-01-12,1,17449.1,17384.9
2016-01-13,1,17384.9,17522.5
2016-01-14,1,17522.5,16826.9
2016-01-15,1,16826.9,16902.3
2016-01-18,1,16902.3,17030.3
2016-01-19,1,17030.3,16466.9
2016-01-20,1,16466.9,16336.7
2016-01-21,1,16336.7,17145.8
2016-01-22,1,17145.8,16833.1
2016-01-25,1,16833.1,16949.2
2016-01-26,1,16949.2,17059.8
2016-01-27,1,17059.8,17155.1
2016-01-28,1,17155.1,17699.6
2016-01-29,1,17699.6,17716.5
2016-02-01,1,17716.5,17497.4
2016-02-02,1,17497.4,17071.1
2016-02-03,1,17071.1,16790.5
2016-02-04,1,16790.5,16620.9
2016-02-05,1,16620.9,16666.8
2016-02-08,1,16666.8,16127.9
2016-02-09,1,16127.9,16127.9
2016-02-10,1,16127.9,15426.3
2016-02-11,1,15426.3,15248.4
2016-02-12,1,15248.4,15849.5
2016-02-15,1,15849.5,16035.3
2016-02-16,1,16035.3,16138.1
2016-02-17,1,16138.1,16050.4
2016-02-18,1,16050.4,15851.4
2016-02-19,1,15851.4,16230.4
2016-02-22,1,16230.4,15851.1
2016-02-23,1,15851.1,15983.5
2016-02-24,1,15983.5,16311.5
2016-02-25,1,16311.5,16313.3
2016-02-26,1,16313.3,16013.0
2016-02-29,1,16013.0,16391.5
2016-03-01,1,16391.5,16695.8
2016-03-02,1,16695.8,16927.4
2016-03-03,1,16927.4,17024.6
2016-03-04,1,17024.6,16889.5
2016-03-07,1,16889.5,16625.6
2016-03-08,1,16625.6,16811.0
2016-03-09,1,16811.0,16610.2
2016-03-10,1,16610.2,17155.5
2016-03-11,1,17155.5,17219.9
2016-03-14,1,17219.9,16981.4
2016-03-15,1,16981.4,17107.6
2016-03-16,1,17107.6,16883.8
2016-03-17,1,16883.8,16883.8
2016-03-18,1,16883.8,16937.3
2016-03-21,1,16937.3,17066.3
2016-03-22,1,17066.3,16979.4
2016-03-23,1,16979.4,16949.5
2016-03-24,1,16949.5,17129.3
2016-03-25,1,17129.3,16985.3
2016-03-28,1,16985.3,17078.0
2016-03-29,1,17078.0,16997.1
2016-03-30,1,16997.1,16719.6
2016-03-31,1,16719.6,16087.8
2016-04-01,1,16087.8,16044.2
2016-04-04,1,16044.2,15727.7
2016-04-05,1,15727.7,15739.3
2016-04-06,1,15739.3,15597.0
2016-04-07,1,15597.0,15761.6
2016-04-08,1,15761.6,15719.2
2016-04-11,1,15719.2,16142.7
2016-04-12,1,16142.7,16629.8
2016-04-13,1,16629.8,16720.4
2016-04-14,1,16720.4,16521.2
2016-04-15,1,16521.2,16582.7
2016-04-18,1,16582.7,17053.8
2016-04-19,1,17053.8,17187.3
2016-04-20,1,17187.3,17220.5
2016-04-21,1,17220.5,17613.6
2016-04-22,1,17613.6,17358.6
2016-04-25,1,17358.6,17369.7
2016-04-26,1,17369.7,17439.0
2016-04-27,1,17439.0,16357.1
2016-04-28,1,16357.1,16212.7
2016-05-02,1,16212.7,16226.6
2016-05-06,1,16226.6,16307.5
2016-05-09,1,16307.5,16736.7
2016-05-10,1,16736.7,16459.7
2016-05-11,1,16459.7,16804.2
2016-05-12,1,16804.2,16391.9
2016-05-13,1,16391.9,16618.9
2016-05-16,1,16618.9,16611.4
2016-05-17,1,16611.4,16807.5
2016-05-18,1,16807.5,16595.0
2016-05-19,1,16595.0,16671.3
2016-05-20,1,16671.3,16605.0
2016-05-23,1,16605.0,16764.3
2016-05-24,1,16764.3,16927.7
2016-05-25,1,16927.7,16830.5
2016-05-26,1,16830.5,16973.7
2016-05-27,1,16973.7,17029.5
2016-05-30,1,17029.5,17097.2
2016-05-31,1,17097.2,16817.3
2016-06-01,1,16817.3,16599.5
2016-06-02,1,16599.5,16373.3
2016-06-03,1,16373.3,16651.1
2016-06-06,1,16651.1,16722.5
2016-06-07,1,16722.5,16742.0
2016-06-08,1,16742.0,16637.5
2016-06-09,1,16637.5,16319.1
2016-06-10,1,16319.1,16001.2
2016-06-13,1,16001.2,15799.1
2016-06-14,1,15799.1,15871.2
2016-06-15,1,15871.2,15631.8
2016-06-16,1,15631.8,15839.1
2016-06-17,1,15839.1,15875.8
2016-06-20,1,15875.8,16095.8
2016-06-21,1,16095.8,16098.6
2016-06-22,1,16098.6,16333.9
2016-06-23,1,16333.9,15153.1
2016-06-24,1,15153.1,15094.7
2016-06-27,1,15094.7,15523.3
2016-06-28,1,15523.3,15752.7
2016-06-29,1,15752.7,15698.0
2016-06-30,1,15698.0,15554.0
2016-07-01,1,15554.0,15682.2
2016-07-04,1,15682.2,15434.5
2016-07-05,1,15434.5,15346.8
2016-07-06,1,15346.8,15326.8
2016-07-07,1,15326.8,15375.9
2016-07-08,1,15375.9,15961.3
2016-07-11,1,15961.3,16343.0
2016-07-12,1,16343.0,16242.2
2016-07-13,1,16242.2,16396.1
2016-07-14,1,16396.1,16612.1
2016-07-15,1,16612.1,16646.9
2016-07-19,1,16646.9,16855.2
2016-07-20,1,16855.2,16612.9
2016-07-21,1,16612.9,16655.8
2016-07-22,1,16655.8,16535.8
2016-07-25,1,16535.8,16526.1
2016-07-26,1,16526.1,16596.2
2016-07-27,1,16596.2,16359.7
2016-07-28,1,16359.7,16415.3
2016-07-29,1,16415.3,16469.7
2016-08-01,1,16469.7,16227.3
2016-08-02,1,16227.3,16168.3
2016-08-03,1,16168.3,16279.0
2016-08-04,1,16279.0,16462.3
2016-08-05,1,16462.3,16632.4
2016-08-08,1,16632.4,16699.1
2016-08-09,1,16699.1,16877.2
2016-08-10,1,16877.2,16866.9
2016-08-12,1,16866.9,16878.7
2016-08-15,1,16878.7,16596.3
2016-08-16,1,16596.3,16649.9
2016-08-17,1,16649.9,16558.4
2016-08-18,1,16558.4,16599.3
2016-08-19,1,16599.3,16549.8
2016-08-22,1,16549.8,16550.2
2016-08-23,1,16550.2,16580.2
2016-08-24,1,16580.2,16485.6
2016-08-25,1,16485.6,16631.1
2016-08-26,1,16631.1,16691.0
2016-08-29,1,16691.0,16857.8
2016-08-30,1,16857.8,16885.2
2016-08-31,1,16885.2,16903.8
2016-09-01,1,16903.8,17131.5
2016-09-02,1,17131.5,17035.0
2016-09-05,1,17035.0,16937.4
2016-09-06,1,16937.4,16984.0
2016-09-07,1,16984.0,16994.4
2016-09-08,1,16994.4,16748.4
2016-09-09,1,16748.4,16764.7
2016-09-12,1,16764.7,16632.1
2016-09-13,1,16632.1,16512.4
2016-09-14,1,16512.4,16458.7
2016-09-15,1,16458.7,16403.2
2016-09-16,1,16403.2,16471.8
2016-09-20,1,16471.8,16759.8
2016-09-21,1,16759.8,16707.4
2016-09-23,1,16707.4,16390.9
2016-09-26,1,16390.9,16505.0
2016-09-27,1,16505.0,16606.3
2016-09-28,1,16606.3,16474.4
2016-09-29,1,16474.4,16566.0
2016-09-30,1,16566.0,16661.5
2016-10-03,1,16661.5,16787.9
2016-10-04,1,16787.9,16913.6
2016-10-05,1,16913.6,16883.1
2016-10-06,1,16883.1,16936.3
2016-10-07,1,16936.3,16850.7
2016-10-11,1,16850.7,16923.8
2016-10-12,1,16923.8,16751.0
2016-10-13,1,16751.0,16871.8
2016-10-14,1,16871.8,16862.3
2016-10-17,1,16862.3,16952.9
2016-10-18,1,16952.9,16999.4
2016-10-19,1,16999.4,17283.8
2016-10-20,1,17283.8,17216.6
2016-10-21,1,17216.6,17298.6
2016-10-24,1,17298.6,17329.0
2016-10-25,1,17329.0,17346.4
2016-10-26,1,17346.4,17448.2
2016-10-27,1,17448.2,17360.9
2016-10-28,1,17360.9,17380.5
2016-10-31,1,17380.5,17238.0
2016-11-01,1,17238.0,16964.5
2016-11-02,1,16964.5,17126.0
2016-11-04,1,17126.0,17242.7
2016-11-07,1,17242.7,17281.9
2016-11-08,1,17281.9,16562.9
2016-11-09,1,16562.9,17526.6
2016-11-10,1,17526.6,17467.5
2016-11-11,1,17467.5,17690.2
2016-11-14,1,17690.2,17832.5
2016-11-15,1,17832.5,17766.6
2016-11-16,1,17766.6,18024.2
2016-11-17,1,18024.2,18038.1
2016-11-18,1,18038.1,18091.1
2016-11-21,1,18091.1,18329.8
2016-11-22,1,18329.8,18387.6
2016-11-24,1,18387.6,18302.6
2016-11-25,1,18302.6,18263.6
2016-11-28,1,18263.6,18356.0
2016-11-29,1,18356.0,18535.2
2016-11-30,1,18535.2,18435.6
2016-12-01,1,18435.6,18349.9
2016-12-02,1,18349.9,18457.2
2016-12-05,1,18457.2,18434.5
2016-12-06,1,18434.5,18674.2
2016-12-07,1,18674.2,18840.0
2016-12-08,1,18840.0,19183.8
2016-12-09,1,19183.8,19120.8
2016-12-12,1,19120.8,19270.0
2016-12-13,1,19270.0,19327.7
2016-12-14,1,19327.7,19438.4
2016-12-15,1,19438.4,19345.8
2016-12-16,1,19345.8,19367.8
2016-12-19,1,19367.8,19547.3
2016-12-20,1,19547.3,19396.8
2016-12-21,1,19396.8,19394.4
2016-12-22,1,19394.4,19353.4
2016-12-26,1,19353.4,19392.1
2016-12-27,1,19392.1,19301.0
2016-12-28,1,19301.0,18997.7
2016-12-29,1,18997.7,19298.7
2016-12-30,1,19298.7,19602.1
2017-01-04,1,19602.1,19393.6
2017-01-05,1,19393.6,19414.8
2017-01-06,1,19414.8,19358.6
2017-01-10,1,19358.6,19300.2
2017-01-11,1,19300.2,19175.0
2017-01-12,1,19175.0,19219.1
2017-01-13,1,19219.1,19038.4
2017-01-16,1,19038.4,18754.0
2017-01-17,1,18754.0,19082.8
2017-01-18,1,19082.8,19059.2
2017-01-19,1,19059.2,18938.4
2017-01-20,1,18938.4,18817.4
2017-01-23,1,18817.4,19091.2
2017-01-24,1,19091.2,19260.7
2017-01-25,1,19260.7,19453.5
2017-01-26,1,19453.5,19371.3
2017-01-27,1,19371.3,19145.3
2017-01-30,1,19145.3,18927.0
2017-01-31,1,18927.0,19152.8
2017-02-01,1,19152.8,18996.7
2017-02-02,1,18996.7,19069.7
2017-02-03,1,19069.7,18844.1
2017-02-06,1,18844.1,18951.2
2017-02-07,1,18951.2,18942.0
2017-02-08,1,18942.0,19216.7
2017-02-09,1,19216.7,19513.8
2017-02-10,1,19513.8,19478.9
2017-02-13,1,19478.9,19438.8
2017-02-14,1,19438.8,19431.6
2017-02-15,1,19431.6,19228.7
2017-02-16,1,19228.7,19161.3
2017-02-17,1,19161.3,19267.9
2017-02-20,1,19267.9,19419.2
2017-02-21,1,19419.2,19379.9
2017-02-22,1,19379.9,19232.1
2017-02-23,1,19232.1,19130.5
2017-02-24,1,19130.5,19194.7
2017-02-27,1,19194.7,19226.9
2017-02-28,1,19226.9,19624.8
2017-03-01,1,19624.8,19551.3
2017-03-02,1,19551.3,19409.2
2017-03-03,1,19409.2,19337.2
2017-03-06,1,19337.2,19308.5
2017-03-07,1,19308.5,19343.1
2017-03-08,1,19343.1,19444.7
2017-03-09,1,19444.7,19545.7
2017-03-10,1,19545.7,19634.3
2017-03-13,1,19634.3,19528.8
2017-03-14,1,19528.8,19458.7
2017-03-15,1,19458.7,19510.9
2017-03-16,1,19510.9,19416.6
2017-03-17,1,19416.6,19146.6
2017-03-21,1,19146.6,19048.8
2017-03-22,1,19048.8,19066.3
2017-03-23,1,19066.3,19071.2
2017-03-24,1,19071.2,19159.1
2017-03-27,1,19159.1,19216.8
2017-03-28,1,19216.8,19150.8
2017-03-29,1,19150.8,19170.4
2017-03-30,1,19170.4,18988.0
2017-03-31,1,18988.0,18933.8
2017-04-03,1,18933.8,18900.7
2017-04-04,1,18900.7,18754.4
2017-04-05,1,18754.4,18715.0
2017-04-06,1,18715.0,18800.2
2017-04-07,1,18800.2,18717.6
2017-04-10,1,18717.6,18592.1
2017-04-11,1,18592.1,18391.7
2017-04-12,1,18391.7,18531.9
2017-04-13,1,18531.9,18239.8
2017-04-14,1,18239.8,18497.4
2017-04-17,1,18497.4,18327.3
2017-04-18,1,18327.3,18446.4
2017-04-19,1,18446.4,18591.8
2017-04-20,1,18591.8,18890.4
2017-04-21,1,18890.4,18872.6
2017-04-24,1,18872.6,19184.9
2017-04-25,1,19184.9,19205.6
2017-04-26,1,19205.6,19240.7
2017-04-27,1,19240.7,19154.0
2017-04-28,1,19154.0,19335.7
2017-05-01,1,19335.7,19709.0
2017-05-02,1,19709.0,19915.6
2017-05-08,1,19915.6,19890.6
2017-05-09,1,19890.6,19943.9
2017-05-10,1,19943.9,19941.6
2017-05-11,1,19941.6,19753.5
2017-05-12,1,19753.5,19953.1
2017-05-15,1,19953.1,19806.8
2017-05-16,1,19806.8,19557.0
2017-05-17,1,19557.0,19591.4
2017-05-18,1,19591.4,19670.5
2017-05-19,1,19670.5,19647.7
2017-05-22,1,19647.7,19777.6
2017-05-23,1,19777.6,19737.2
2017-05-24,1,19737.2,19798.5
2017-05-25,1,19798.5,19697.2
2017-05-26,1,19697.2,19681.1
2017-05-29,1,19681.1,19630.3
2017-05-30,1,19630.3,19692.2
2017-05-31,1,19692.2,19970.2
2017-06-01,1,19970.2,20135.4
2017-06-02,1,20135.4,20122.3
2017-06-05,1,20122.3,19951.7
2017-06-06,1,19951.7,20048.3
2017-06-07,1,20048.3,19953.1
2017-06-08,1,19953.1,19920.8
2017-06-09,1,19920.8,19859.8
2017-06-12,1,19859.8,19974.6
2017-06-13,1,19974.6,19815.5
2017-06-14,1,19815.5,19931.2
2017-06-15,1,19931.2,19974.3
2017-06-16,1,19974.3,20234.1
2017-06-19,1,20234.1,20192.2
2017-06-20,1,20192.2,20154.4
2017-06-21,1,20154.4,20152.6
2017-06-22,1,20152.6,20132.8
2017-06-23,1,20132.8,20229.1
2017-06-26,1,20229.1,20149.2
2017-06-27,1,20149.2,20260.9
2017-06-28,1,20260.9,20025.6
2017-06-29,1,20025.6,20056.3
2017-06-30,1,20056.3,20192.3
2017-07-03,1,20192.3,20015.1
2017-07-04,1,20015.1,20061.7
2017-07-05,1,20061.7,19856.7
2017-07-06,1,19856.7,20070.4
2017-07-07,1,20070.4,20073.9
2017-07-10,1,20073.9,20137.2
2017-07-11,1,20137.2,20177.3
2017-07-12,1,20177.3,20157.9
2017-07-13,1,20157.9,20074.4
2017-07-14,1,20074.4,19970.8
2017-07-18,1,19970.8,20046.9
2017-07-19,1,20046.9,20089.9
2017-07-20,1,20089.9,19973.7
2017-07-21,1,19973.7,19979.6
2017-07-24,1,19979.6,20098.1
2017-07-25,1,20098.1,20026.6
2017-07-26,1,20026.6,20048.5
2017-07-27,1,20048.5,19933.4
2017-07-28,1,19933.4,19907.1
2017-07-31,1,19907.1,20057.1
2017-08-01,1,20057.1,20066.0
2017-08-02,1,20066.0,19949.8
2017-08-03,1,19949.8,20059.3
2017-08-04,1,20059.3,20062.7
2017-08-07,1,20062.7,19929.0
2017-08-08,1,19929.0,19792.4
2017-08-09,1,19792.4,19545.6
2017-08-10,1,19545.6,19689.4
2017-08-14,1,19689.4,19750.6
2017-08-15,1,19750.6,19707.8
2017-08-16,1,19707.8,19471.3
2017-08-17,1,19471.3,19509.5
2017-08-18,1,19509.5,19373.1
2017-08-21,1,19373.1,19547.1
2017-08-22,1,19547.1,19366.4
2017-08-23,1,19366.4,19401.1
2017-08-24,1,19401.1,19502.2
2017-08-25,1,19502.2,19319.1
2017-08-28,1,19319.1,19481.0
2017-08-29,1,19481.0,19591.3
2017-08-30,1,19591.3,19733.6
2017-08-31,1,19733.6,19616.0
2017-09-01,1,19616.0,19533.4
2017-09-04,1,19533.4,19286.1
2017-09-05,1,19286.1,19433.4
2017-09-06,1,19433.4,19298.0
2017-09-07,1,19298.0,19441.4
2017-09-08,1,19441.4,19736.1
2017-09-11,1,19736.1,19873.7
2017-09-12,1,19873.7,19860.4
2017-09-13,1,19860.4,19793.8
2017-09-14,1,19793.8,20128.2
2017-09-15,1,20128.2,20301.3
2017-09-19,1,20301.3,20456.5
2017-09-20,1,20456.5,20413.6
2017-09-21,1,20413.6,20439.4
2017-09-22,1,20439.4,20349.3
2017-09-25,1,20349.3,20269.8
2017-09-26,1,20269.8,20398.6
2017-09-27,1,20398.6,20315.3
2017-09-28,1,20315.3,20400.5
2017-09-29,1,20400.5,20475.2
2017-10-02,1,20475.2,20660.8
2017-10-03,1,20660.8,20650.7
2017-10-04,1,20650.7,20716.8
2017-10-05,1,20716.8,20680.5
2017-10-06,1,20680.5,20803.7
2017-10-10,1,20803.7,20958.2
2017-10-11,1,20958.2,20959.7
2017-10-12,1,20959.7,21221.3
2017-10-13,1,21221.3,21352.2
2017-10-16,1,21352.2,21374.7
2017-10-17,1,21374.7,21450.0
2017-10-18,1,21450.0,21390.9
2017-10-19,1,21390.9,21709.3
2017-10-20,1,21709.3,21670.0
2017-10-23,1,21670.0,21900.1
2017-10-24,1,21900.1,21698.9
2017-10-25,1,21698.9,21903.3
2017-10-26,1,21903.3,22047.9
2017-10-27,1,22047.9,21897.3
2017-10-30,1,21897.3,22144.9
2017-10-31,1,22144.9,22512.2
2017-11-01,1,22512.2,22613.0
2017-11-02,1,22613.0,22518.8
2017-11-06,1,22518.8,22849.9
2017-11-07,1,22849.9,22989.4
2017-11-08,1,22989.4,22580.7
2017-11-09,1,22580.7,22607.6
2017-11-10,1,22607.6,22342.9
2017-11-13,1,22342.9,22251.0
2017-11-14,1,22251.0,21975.2
2017-11-15,1,21975.2,22603.3
2017-11-16,1,22603.3,22280.0
2017-11-17,1,22280.0,22456.8
2017-11-20,1,22456.8,22601.6
2017-11-21,1,22601.6,22390.1
2017-11-22,1,22390.1,22657.1
2017-11-24,1,22657.1,22474.7
2017-11-27,1,22474.7,22614.0
2017-11-28,1,22614.0,22601.8
2017-11-29,1,22601.8,22916.9
2017-11-30,1,22916.9,22843.5
2017-12-01,1,22843.5,22595.3
2017-12-04,1,22595.3,22525.4
2017-12-05,1,22525.4,22317.2
2017-12-06,1,22317.2,22627.9
2017-12-07,1,22627.9,22894.3
2017-12-08,1,22894.3,22936.4
2017-12-11,1,22936.4,22879.3
2017-12-12,1,22879.3,22699.3
2017-12-13,1,22699.3,22621.4
2017-12-14,1,22621.4,22770.4
2017-12-15,1,22770.4,22961.5
2017-12-18,1,22961.5,22834.9
2017-12-19,1,22834.9,22852.0
2017-12-20,1,22852.0,22850.7
2017-12-21,1,22850.7,22909.4
2017-12-22,1,22909.4,22922.9
2017-12-25,1,22922.9,22854.4
2017-12-26,1,22854.4,22912.1
2017-12-27,1,22912.1,22831.5
2017-12-28,1,22831.5,22831.5
2017-12-29,1,22831.5,22831.5
2018-01-01,1,22831.5,22831.5
2018-01-02,1,22831.5,23073.7
2018-01-03,1,23073.7,23643.0
2018-01-04,1,23643.0,23643.0
2018-01-05,1,23643.0,23949.0
2018-01-08,1,23949.0,23832.8
2018-01-09,1,23832.8,23656.4
2018-01-10,1,23656.4,23719.7
2018-01-11,1,23719.7,23828.0
2018-01-12,1,23828.0,23721.2
2018-01-15,1,23721.2,23783.4
2018-01-16,1,23783.4,24078.9
2018-01-17,1,24078.9,23854.1
2018-01-18,1,23854.1,23797.8
2018-01-19,1,23797.8,23924.4
2018-01-22,1,23924.4,24026.4
2018-01-23,1,24026.4,23750.7
2018-01-24,1,23750.7,23757.3
2018-01-25,1,23757.3,23707.1
2018-01-26,1,23707.1,23559.3
2018-01-29,1,23559.3,23205.2
2018-01-30,1,23205.2,23276.1
2018-01-31,1,23276.1,23361.7
2018-02-01,1,23361.7,22921.2
2018-02-02,1,22921.2,22267.0
2018-02-05,1,22267.0,22001.3
2018-02-06,1,22001.3,21721.6
2018-02-07,1,21721.6,21507.7
2018-02-08,1,21507.7,21507.7
2018-02-09,1,21507.7,21633.3
2018-02-12,1,21633.3,21251.2
2018-02-13,1,21251.2,21384.1
2018-02-14,1,21384.1,21556.0
2018-02-15,1,21556.0,21903.7
2018-02-16,1,21903.7,22054.3
2018-02-19,1,22054.3,21942.4
2018-02-20,1,21942.4,21789.9
2018-02-21,1,21789.9,21789.7
2018-02-22,1,21789.7,22134.6
2018-02-23,1,22134.6,22391.7
2018-02-26,1,22391.7,22292.5
2018-02-27,1,22292.5,21901.1
2018-02-28,1,21901.1,21340.0
2018-03-01,1,21340.0,21047.8
2018-03-02,1,21047.8,21390.2
2018-03-05,1,21390.2,21262.0
2018-03-06,1,21262.0,21488.2
2018-03-07,1,21488.2,21594.2
2018-03-08,1,21594.2,21826.1
2018-03-09,1,21826.1,21742.4
2018-03-12,1,21742.4,21765.0
2018-03-13,1,21765.0,21704.1
2018-03-14,1,21704.1,21876.5
2018-03-15,1,21876.5,21537.9
2018-03-16,1,21537.9,21298.0
2018-03-19,1,21298.0,21298.0
2018-03-20,1,21298.0,21352.2
2018-03-21,1,21352.2,21188.8
2018-03-22,1,21188.8,20423.4
2018-03-23,1,20423.4,20958.9
2018-03-26,1,20958.9,20893.1
2018-03-27,1,20893.1,21251.0
2018-03-28,1,21251.0,21392.4
2018-03-29,1,21392.4,21441.6
2018-03-30,1,21441.6,21115.5
2018-04-02,1,21115.5,21415.8
2018-04-03,1,21415.8,21541.2
2018-04-04,1,21541.2,21633.7
2018-04-05,1,21633.7,21534.3
2018-04-06,1,21534.3,21599.7
2018-04-09,1,21599.7,21819.1
2018-04-10,1,21819.1,21657.9
2018-04-11,1,21657.9,21801.4
2018-04-12,1,21801.4,21843.6
2018-04-13,1,21843.6,21801.8
2018-04-16,1,21801.8,21929.0
2018-04-17,1,21929.0,22231.9
2018-04-18,1,22231.9,22148.2
2018-04-19,1,22148.2,22157.9
2018-04-20,1,22157.9,22228.8
2018-04-23,1,22228.8,22118.6
2018-04-24,1,22118.6,22278.8
2018-04-25,1,22278.8,22466.7
2018-04-26,1,22466.7,22466.7
2018-04-27,1,22466.7,22453.4
2018-04-30,1,22453.4,22568.2
2018-05-01,1,22568.2,22568.2
2018-05-02,1,22568.2,22568.2
2018-05-03,1,22568.2,22513.2
2018-05-04,1,22513.2,22440.7
2018-05-07,1,22440.7,22463.0
2018-05-08,1,22463.0,22482.5
2018-05-09,1,22482.5,22573.9
2018-05-10,1,22573.9,22705.3
2018-05-11,1,22705.3,22889.5
2018-05-14,1,22889.5,22730.1
2018-05-15,1,22730.1,22820.6
2018-05-16,1,22820.6,22907.2
2018-05-17,1,22907.2,22937.6
2018-05-18,1,22937.6,23025.9
2018-05-21,1,23025.9,22868.8
2018-05-22,1,22868.8,22621.3
2018-05-23,1,22621.3,22380.2
2018-05-24,1,22380.2,22488.9
2018-05-25,1,22488.9,22431.9
2018-05-28,1,22431.9,22052.0
2018-05-29,1,22052.0,22163.4
2018-05-30,1,22163.4,22126.2
2018-05-31,1,22126.2,22365.1
2018-06-01,1,22365.1,22552.2
2018-06-04,1,22552.2,22520.3
2018-06-05,1,22520.3,22748.7
2018-06-06,1,22748.7,22799.4
2018-06-07,1,22799.4,22686.9
2018-06-08,1,22686.9,22977.2
2018-06-11,1,22977.2,22896.2
2018-06-12,1,22896.2,22843.0
2018-06-13,1,22843.0,22883.2
2018-06-14,1,22883.2,22806.6
2018-06-15,1,22806.6,22565.9
2018-06-18,1,22565.9,22338.5
2018-06-19,1,22338.5,22523.3
2018-06-20,1,22523.3,22456.4
2018-06-21,1,22456.4,22543.6
2018-06-22,1,22543.6,22160.3
2018-06-25,1,22160.3,22320.9
2018-06-26,1,22320.9,22195.2
2018-06-27,1,22195.2,22314.5
2018-06-28,1,22314.5,22233.8
2018-06-29,1,22233.8,21889.1
2018-07-02,1,21889.1,21679.0
2018-07-03,1,21679.0,21697.4
2018-07-04,1,21697.4,21647.7
2018-07-05,1,21647.7,21838.5
2018-07-06,1,21838.5,22215.3
2018-07-09,1,22215.3,22002.1
2018-07-10,1,22002.1,22036.9
2018-07-11,1,22036.9,22397.6
2018-07-12,1,22397.6,22397.6
2018-07-13,1,22397.6,22605.7
2018-07-16,1,22605.7,22917.5
2018-07-17,1,22917.5,22871.6
2018-07-18,1,22871.6,22734.6
2018-07-19,1,22734.6,22480.3
2018-07-20,1,22480.3,22555.1
2018-07-23,1,22555.1,22594.3
2018-07-24,1,22594.3,22711.6
2018-07-25,1,22711.6,22646.5
2018-07-26,1,22646.5,22613.3
2018-07-27,1,22613.3,22472.1
2018-07-30,1,22472.1,22642.2
2018-07-31,1,22642.2,22676.7
2018-08-01,1,22676.7,22585.5
2018-08-02,1,22585.5,22536.1
2018-08-03,1,22536.1,22514.3
2018-08-06,1,22514.3,22666.6
2018-08-07,1,22666.6,22591.5
2018-08-08,1,22591.5,22606.9
2018-08-09,1,22606.9,22117.6
2018-08-10,1,22117.6,22053.1
2018-08-13,1,22053.1,22368.1
2018-08-14,1,22368.1,21980.8
2018-08-15,1,21980.8,22313.2
2018-08-16,1,22313.2,22267.1
2018-08-17,1,22267.1,22110.5
2018-08-20,1,22110.5,22270.0
2018-08-21,1,22270.0,22420.7
2018-08-22,1,22420.7,22484.0
